element,id,contact:website,light_rail,name,network,network:short,official_name,operator,public_transport,railway,railway:ref,railway:station_category,station,uic_ref,wheelchair,wikidata,wikipedia,contact:phone,departures_board,departures_board:speech_output,description,ref,network:wikidata,train,uic_name,loc_name,note,start_date,toilets:wheelchair,subway,image,source,line,atm,atm:operator,operator:short,operator:wikidata,check_date:wheelchair,level,internet_access,surveillance,internet_access:fee,railway:ref:parent,addr:city,addr:housenumber,addr:postcode,addr:street,ref:station,source:address,phone,website,wikimedia_commons,surveillance:type,name:VBB,wheelchair:description,wheelchair:source,old_name,url,not:network:wikidata,layer,site,short_name,alt_name,postal_code,usage,name:ja,platforms,note:old_name,fixme,heritage,heritage:operator,lda:criteria,ref:lda,description:ar,description:de,description:en,description:es,description:fr,description:ja,description:nl,description:ru,iata,name:be,name:de,name:el,name:en,name:es,name:fr,name:hu,name:it,name:nl,tactile_paving,old_name:1958-05-31--1961,old_name:1961--1974-11,old_name:1974-11--2003-01-06,location,description:old_name,source:old_name,internet_access:ssid,shelter,name:ko,name:ru,ref_name,geometry
node,21302157,http://www.s-bahn-berlin.de/fahrplanundnetz/bahnhof/tiergarten/151,yes,Tiergarten,Verkehrsverbund Berlin-Brandenburg,VBB,Berlin-Tiergarten,DB Netz AG,station,station,BTGN,4,light_rail,8089091,yes,Q572112,de:Bahnhof Berlin-Tiergarten,,,,,,,,,,,,,,,,,,,,,,,,,,,,,,,,,,,,,,,,,,,,,,,,,,,,,,,,,,,,,,,,,,,,,,,,,,,,,,,,,,,,,,,POINT (13.3364504 52.5143746)
node,26124376,http://www.s-bahn-berlin.de/fahrplanundnetz/bahnhof/westend/157,yes,Westend,Verkehrsverbund Berlin-Brandenburg,VBB,Berlin-Westend,DB Netz AG,station,station,BWES,4,light_rail,8089111,yes,Q323214,de:Bahnhof Berlin-Westend,+49 30 297 43333,realtime,no,S Westend Gleis 1,1,,,,,,,,,,,,,,,,,,,,,,,,,,,,,,,,,,,,,,,,,,,,,,,,,,,,,,,,,,,,,,,,,,,,,,,,,,,,,,,,,,POINT (13.2844201 52.5180135)
node,26603219,http://www.s-bahn-berlin.de/fahrplanundnetz/bahnhof/wannsee/1,yes,Wannsee,Verkehrsverbund Berlin-Brandenburg,VBB,Berlin-Wannsee S-Bahn,DB Netz AG,station,station,BWSS,2,light_rail,8010405,yes,Q567336,de:Bahnhof Berlin-Wannsee,+49 30 297 43333,,,,,Q315451,yes,Berlin Wannsee,,,,,,,,,,,,,,,,,,,,,,,,,,,,,,,,,,,,,,,,,,,,,,,,,,,,,,,,,,,,,,,,,,,,,,,,,,,,,,,POINT (13.1798077 52.4214071)
node,26943869,http://www.s-bahn-berlin.de/fahrplanundnetz/bahnhof/pichelsberg/121,yes,Pichelsberg,Verkehrsverbund Berlin-Brandenburg,VBB,Berlin Pichelsberg,DB Netz AG,station,station,BPIC,5,light_rail,8089331,yes,Q800488,de:Bahnhof Berlin Pichelsberg,,,,,2,,,Berlin-Pichelsberg,,,,,,,,,,,,,,,,,,,,,,,,,,,,,,,,,,,,,,,,,,,,,,,,,,,,,,,,,,,,,,,,,,,,,,,,,,,,,,,POINT (13.2276304 52.5101503)
node,27215654,http://www.s-bahn-berlin.de/fahrplanundnetz/bahnhof/grunewald/67,yes,Grunewald,Verkehrsverbund Berlin-Brandenburg,VBB,Berlin-Grunewald S-Bahn,DB Station&Service AG,station,station,BGWD,4,light_rail,8089062,yes,Q457266,de:Bahnhof Berlin-Grunewald,+49 30 297 43333,,,,,,,Berlin-Grunewald,,,,,,,,,,,,,,,,,,,,,,,,,,,,,,,,,,,,,,,,,,,,,,,,,,,,,,,,,,,,,,,,,,,,,,,,,,,,,,,POINT (13.2610104 52.4882479)
node,27556933,,,Berlin Zoologischer Garten,,,,DB Netz AG;DB Station&Service AG,station,station,BZOO,2,,8010406,yes,Q681785,de:Bahnhof Berlin Zoologischer Garten,,,,,,,yes,,Bahnhof Zoo,"S-Bahn-Bahnhof ist eigenständiger Bahnhof, daher zwei Bahnhöfe hier!",1882-02-07,yes,,,,,,,,,,,,,,,,,,,,,,,,,,,,,,,,,,,,,,,,,,,,,,,,,,,,,,,,,,,,,,,,,,,,,,,,,,,POINT (13.3325608 52.5074342)
node,27586255,,,Ruhleben,,,,,station,station,,,subway,,yes,Q656401,de:U-Bahnhof Ruhleben,,,,,,,,,,,,no,yes,,,,,,,,,,,,,,,,,,,,,,,,,,,,,,,,,,,,,,,,,,,,,,,,,,,,,,,,,,,,,,,,,,,,,,,,,,POINT (13.2414191 52.5256744)
node,28830281,http://www.s-bahn-berlin.de/fahrplanundnetz/bahnhof/karow/88,yes,Karow,Verkehrsverbund Berlin-Brandenburg,VBB,Berlin-Karow S-Bahn,DB Netz AG,station,station,BKRW,4,light_rail,8011046,yes,Q800480,de:Bahnhof Berlin-Karow,+49 30 297 43333,,,,,,yes,Berlin-Karow,,,1882-11-15,,,https://upload.wikimedia.org/wikipedia/commons/7/70/-Bahnhof_Karow_Bahnsteig.jpg,https://de.wikipedia.org/wiki/Bahnhof_Berlin-Karow;https://www.stadtschnellbahn-berlin.de/bahnhof/bahnhof.php?bhf=275,,,,,,,,,,,,,,,,,,,,,,,,,,,,,,,,,,,,,,,,,,,,,,,,,,,,,,,,,,,,,,,,,,,,,,,,POINT (13.4694647 52.6152148)
node,29045595,,,Amrumer Straße,,,,,station,station,,,subway,,yes,Q557577,de:U-Bahnhof Amrumer Straße,,,,,,,,,,,,,yes,,,U9,,,,,,,,,,,,,,,,,,,,,,,,,,,,,,,,,,,,,,,,,,,,,,,,,,,,,,,,,,,,,,,,,,,,,,,POINT (13.3501546 52.5423332)
node,29046450,,,Zoologischer Garten,Verkehrsverbund Berlin-Brandenburg,VBB,,Berliner Verkehrsbetriebe,station,station,,,subway,,yes,,,,,,,,Q315451,yes,,,,,,yes,,,U9,yes,Sparkasse,BVG,Q99633,,,,,,,,,,,,,,,,,,,,,,,,,,,,,,,,,,,,,,,,,,,,,,,,,,,,,,,,,,,,,,,,,,,POINT (13.3330236 52.5058669)
node,29046970,,,Kurfürstendamm,,,,,station,station,,,subway,,yes,Q663933,de:U-Bahnhof Kurfürstendamm,,,,,,,,,,,,no,yes,,,,,,,,,,,,,,,,,,,,,,,,,,,,,,,,,,,,,,,,,,,,,,,,,,,,,,,,,,,,,,,,,,,,,,,,,,POINT (13.3314365 52.5038223)
node,29046976,,,Güntzelstraße,,,,,station,station,,,subway,,no,Q571563,de:U-Bahnhof Güntzelstraße,,,,,,,,,,,,,yes,,,U9,yes,Bankhaus Lenz,,,2022-08-16,,,,,,,,,,,,,,,,,,,,,,,,,,,,,,,,,,,,,,,,,,,,,,,,,,,,,,,,,,,,,,,,,,POINT (13.3310064 52.4920843)
node,29046979,,,Berliner Straße,,,,,station,station,,,subway,,yes,Q637739,de:U-Bahnhof Berliner Straße,,,,,,,,,,,,,yes,,,U7;U9,yes,Sparkasse,,,,,,,,,,,,,,,,,,,,,,,,,,,,,,,,,,,,,,,,,,,,,,,,,,,,,,,,,,,,,,,,,,,,,POINT (13.3310103 52.4873298)
node,29046999,,,Friedrich-Wilhelm-Platz,,,,,station,station,,,subway,,no,Q559207,de:U-Bahnhof Friedrich-Wilhelm-Platz,,,,,,,,,,,,,yes,,,U9,,,,,,-1,,,,,,,,,,,,,,,,,,,,,,,,,,,,,,,,,,,,,,,,,,,,,,,,,,,,,,,,,,,,,,,,,POINT (13.3287301 52.4721217)
node,29047043,,,Walther-Schreiber-Platz,,,,,station,station,,,subway,,yes,Q638584,de:U-Bahnhof Walther-Schreiber-Platz,,,,,,,,,,,,,yes,,,U9,,,,,,,,,,,,,,,,,,,,,,,,,,,,,,,,,,,,,,,,,,,,,,,,,,,,,,,,,,,,,,,,,,,,,,,POINT (13.3282601 52.4653254)
node,29047045,,,Schloßstraße,,,,Berliner Verkehrsbetriebe,station,station,,,subway,,no,Q554474,de:U-Bahnhof Schloßstraße,,,,,,,,,,,,,yes,,,U9,,,BVG,,,,no,,,,,,,,,,,,,,,,,,,,,,,,,,,,,,,,,,,,,,,,,,,,,,,,,,,,,,,,,,,,,,,,POINT (13.3250946 52.461481)
node,29047047,,,Rathaus Steglitz,,,,,station,station,,,subway,,yes,Q555492,de:Bahnhof Berlin Rathaus Steglitz,,,,,,,,,,,,no,yes,,,U9,,,,,,,,,,,,,,,,,,,,,,,,,,,,,,,,,,,,,,,,,,,,,,,,,,,,,,,,,,,,,,,,,,,,,,,POINT (13.3209344 52.4567983)
node,29070457,http://www.s-bahn-berlin.de/fahrplanundnetz/bahnhof/beusselstrasse/38,yes,Beusselstraße,Verkehrsverbund Berlin-Brandenburg,VBB,Berlin Beusselstraße,DB Netz AG,station,station,BBEU,4,light_rail,8089118,yes,Q323219,de:Bahnhof Berlin Beusselstraße,+49 30 297 43333,,,,,,,,,,,,,,,,,,,,2022-07-11,,,,,,,,,,,,,,,,,,,,,,,,,,,,,,,,,,,,,,,,,,,,,,,,,,,,,,,,,,,,,,,,,,POINT (13.3293873 52.5344077)
node,29123754,,,Theodor-Heuss-Platz,,,,,station,station,,,subway,,yes,Q657857,de:U-Bahnhof Theodor-Heuss-Platz,,,,,,,,,,,,,yes,,,,yes,August Lenz,,,2022-11-06,,,,,,,,,,,,,,,,,,,,,,,,,,,,,,,,,,,,,,,,,,,,,,,,,,,,,,,,,,,,,,,,,,POINT (13.2722217 52.5099869)
node,29123761,,,Neu-Westend,,,,,station,station,,,subway,,no,Q656431,de:U-Bahnhof Neu-Westend,,,,,,,,,,,,,yes,,,,,,,,2022-11-06,,,,,,,,,,,,,,,,,,,,,,,,,,,,,,,,,,,,,,,,,,,,,,,,,,,,,,,,,,,,,,,,,,POINT (13.2592357 52.5162154)
node,29123763,,,Deutsche Oper,,,,,station,station,,,subway,,no,Q869501,de:U-Bahnhof Deutsche Oper,,,,,,,,,,,,,yes,,,,,,,,,,,indoor,,,,,,,,,,,,,,,,,,,,,,,,,,,,,,,,,,,,,,,,,,,,,,,,,,,,,,,,,,,,,,,POINT (13.3105328 52.511837)
node,29123764,,,Ernst-Reuter-Platz,,,,Berliner Verkehrsbetriebe,station,station,,,subway,,no,Q658361,de:U-Bahnhof Ernst-Reuter-Platz,,,,,,,,,,,,,yes,,,,,,BVG,,,,wlan,,no,,,,,,,,,,,,,,,,,,,,,,,,,,,,,,,,,,,,,,,,,,,,,,,,,,,,,,,,,,,,,,POINT (13.3221613 52.5118853)
node,29190897,,,Lindauer Allee,,,,,station,station,,,subway,,yes,Q555939,de:U-Bahnhof Lindauer Allee,,,,,,,,,,,,,yes,,,,,,,,,,,,,,,,,,,,,,,,,,,,,,,,,,,,,,,,,,,,,,,,,,,,,,,,,,,,,,,,,,,,,,,,,,POINT (13.3384251 52.5754161)
node,29494301,,,Jannowitzbrücke,,,,,station,station,,,subway,,yes,Q1647893,de:Bahnhof Berlin Jannowitzbrücke,,,,,,,,,,,,,yes,,,,,,,,,,,,,,,,,,,,,,,,,,,,,,,,,,,,,,,,,,,,,,,,,,,,,,,,,,,,,,,,,,,,,,,,,,POINT (13.4181732 52.5153554)
node,29497638,,,Innsbrucker Platz,,,,,station,station,,,subway,,yes,Q3799011,de:Bahnhof Berlin Innsbrucker Platz,,,,,,,,,,,,,yes,,,,,,,,,,,,,,,,,,,,,,,,,,,,,,,,,,,,,,,,,,,,,,,,,,,,,,,,,,,,,,,,,,,,,,,,,,POINT (13.3436736 52.478987)
node,29803428,http://www.s-bahn-berlin.de/fahrplanundnetz/bahnhof/rummelsburg/130,yes,Rummelsburg,Verkehrsverbund Berlin-Brandenburg,VBB,Berlin-Rummelsburg (S-Bahn),DB Netz AG,station,station,BRH,4,light_rail,8089084,yes,Q15107132,de:Bahnhof Berlin-Rummelsburg (S-Bahn),,,,,,,,Berlin-Rummelsburg,,,,,,,,,,,,,,,,,,BOK,,,,,,,,,,,,,,,,,,,,,,,,,,,,,,,,,,,,,,,,,,,,,,,,,,,,,,,,,,,,,POINT (13.478367 52.501288)
node,29805967,,,Berlin-Lichtenberg,Verkehrsverbund Berlin-Brandenburg,VBB,,DB Netz AG;DB Station&Service AG,station,station,BLO,2,,8010036,yes,Q634247,de:Bahnhof Berlin-Lichtenberg,,,,,,,yes,,,,1881,,,,,,,,,,,,,,,,Berlin,22,10317,Weitlingstraße,549,DB Open Data,,,,,,,,,,,,,,,,,,,,,,,,,,,,,,,,,,,,,,,,,,,,,,,,,,,,,,,POINT (13.4961404 52.5097832)
node,29833469,,,Bayerischer Platz,,,,,station,station,,,subway,,yes,Q668574,de:U-Bahnhof Bayerischer Platz,,,,,,,,,,,,,yes,,,,,,,,,,,,,,,,,,,,,,,,,,,,,,,,,,,,,,,,,,,,,,,,,,,,,,,,,,,,,,,,,,,,,,,,,,POINT (13.3405436 52.4885755)
node,29858596,http://www.s-bahn-berlin.de/fahrplanundnetz/bahnhof/marzahn/103,yes,Marzahn,Verkehrsverbund Berlin-Brandenburg,VBB,Berlin-Marzahn S-Bahn,DB Netz AG,station,station,BMAZ,4,light_rail,8089075,yes,Q800486,de:Bahnhof Berlin-Marzahn,+49 30 297 43333,,,,,,,,,,,,,,,,,,,,,,,,,,,,,,,,,,,,,,,,,,,,,,,,,,,,,,,,,,,,,,,,,,,,,,,,,,,,,,,,,,,,,,POINT (13.5413545 52.5436548)
node,29881358,,yes,Wuhletal,Verkehrsverbund Berlin-Brandenburg,VBB,Berlin Wuhletal,DB Netz AG,station,station,BWT,,light_rail,8089049,yes,Q552867,de:Bahnhof Berlin Wuhletal,,timetable,,,,,,,,steht nicht in der Bahnhofskategorieliste von 2017,,,yes,,,,,,,,,,wlan,indoor,no,BKAD,,,,,,,+49 30 29743333,http://www.s-bahn-berlin.de/fahrplanundnetz/bahnhof/wuhletal/166,File:U-Bahnhof Wuhletal.jpg,,,,,,,,,,,,,,,,,,,,,,,,,,,,,,,,,,,,,,,,,,,,,,,,,,,,POINT (13.5752134 52.5126122)
node,29918297,http://www.s-bahn-berlin.de/fahrplanundnetz/bahnhof/mahlsdorf/101,yes,Mahlsdorf,Verkehrsverbund Berlin-Brandenburg,VBB,Berlin-Mahlsdorf,DB Netz AG,station,station,BMDF,4,light_rail,8089072,yes,Q800484,de:Bahnhof Berlin-Mahlsdorf,+49 30 29743333,timetable,,,,,,,,,,,,,,,,,,,,,,indoor,,,,,,,,,,,,camera,,,,,,,,,,,,,,,,,,,,,,,,,,,,,,,,,,,,,,,,,,,,,,,,,,,POINT (13.6104126 52.5120903)
node,30019733,http://www.s-bahn-berlin.de/fahrplanundnetz/bahnhof/rathaus-steglitz/23,yes,Rathaus Steglitz,Verkehrsverbund Berlin-Brandenburg,VBB,Berlin Rathaus Steglitz,DB Netz AG,station,station,BRST,4,light_rail,8089036,yes,Q555492,de:Bahnhof Berlin Rathaus Steglitz,+49 30 297 43333,,,,,,,,,mangels Weichen nur ein Haltepunkt,,,,,,,,,,,,,,,,,,,,,,,,,,,,,,,,,,,,,,,,,,,,,,,,,,,,,,,,,,,,,,,,,,,,,,,,,,,,,POINT (13.3224998 52.4555293)
node,30688290,http://www.s-bahn-berlin.de/fahrplanundnetz/bahnhof/hohenschoenhausen/79,yes,Hohenschönhausen,Verkehrsverbund Berlin-Brandenburg,VBB,Berlin-Hohenschönhausen S-Bahn,DB Netz AG,station,station,BHH,3,light_rail,8011901,yes,Q800477,de:Bahnhof Berlin-Hohenschönhausen,,realtime,no,,,,,,,,,,,,,,,,,,,,,,,,,,,,,,,,,,S Hohenschönhausen Bhf (Berlin),Rampe kein WC,,,,,,,,,,,,,,,,,,,,,,,,,,,,,,,,,,,,,,,,,,,,,,,,,POINT (13.5124988 52.5662755)
node,30688292,http://www.s-bahn-berlin.de/fahrplanundnetz/bahnhof/wartenberg/156,yes,Wartenberg,Verkehrsverbund Berlin-Brandenburg,VBB,Berlin-Wartenberg,DB Station&Service AG,station,station,BWAB,5,light_rail,8089093,yes,Q2784530,en:Wartenberg station,+49 30 297 43333,realtime,no,,,,,,,,,,,,,,,,,,,,,,,BHH,,,,,,,,,,,S Wartenberg (Berlin),Rampen City WC: Ausgang Egon-Erwin-Kisch Str.,,,,,,,,,,,,,,,,,,,,,,,,,,,,,,,,,,,,,,,,,,,,,,,,,POINT (13.5038322 52.572982)
node,30739613,http://www.s-bahn-berlin.de/fahrplanundnetz/bahnhof/marienfelde/102,yes,Marienfelde,Verkehrsverbund Berlin-Brandenburg,VBB,Berlin-Marienfelde,DB Netz AG,station,station,BMF,5,light_rail,8089074,no,Q800485,de:Bahnhof Berlin-Marienfelde,+49 30 297 43333,,,,,,,,,,,,,,,,,,,,,,,,,,,,,,,,,,,,,,,,,,,,,,,,,,,,,,,,,,,,,,,,,,,,,,,,,,,,,,,,,,,,,,POINT (13.3746844 52.4242122)
node,31048718,,,Hermannstraße,,,,,station,station,,,subway,,yes,Q21235258,de:Bahnhof Berlin Hermannstraße,,,,,,,,,,,,no,yes,,,,,,,,,-2,,,,,,,,,,,,,,,,,,,,,,,,,,,,,,,,,,,,,,,,,,,,,,,,,,,,,,,,,,,,,,,,,POINT (13.4314659 52.4672622)
node,31207787,,,Bismarckstraße,,,,,station,station,,,subway,,yes,Q686132,de:U-Bahnhof Bismarckstraße,,,,,,,,,,,,,yes,,,,yes,Sparkasse,,,,,,indoor,,,,,,,,,,,,,,,,,,,,,,,,,,,,,,,,,,,,,,,,,,,,,,,,,,,,,,,,,,,,,,,POINT (13.3052393 52.5115148)
node,31207789,,,Richard-Wagner-Platz,,,,,station,station,,,subway,,yes,Q662201,de:U-Bahnhof Richard-Wagner-Platz,,,,,,,,,,,,,yes,,,,yes,Bankhaus Lenz,,,2022-11-06,,,indoor,,,,,,,,,,,,,,Seit 01.07.2014 hat der Bahnhof einen Fahrstuhl Mittelinsel R Wagner Straße,,,,,,,,,,,,,,,,,,,,,,,,,,,,,,,,,,,,,,,,,,,,,,,,,POINT (13.306588 52.517387)
node,76474606,,,Eisenacher Straße,,,,,station,station,,,subway,,yes,Q571170,de:U-Bahnhof Eisenacher Straße,,,,,,,,,,,,,yes,,,,,,,,,,,,,,,,,,,,,,,,,,,,,,,,,,,,,,,,,,,,,,,,,,,,,,,,,,,,,,,,,,,,,,,,,,POINT (13.3501694 52.4895529)
node,107606908,,,Rathaus Reinickendorf,,,,,station,station,,,subway,,yes,Q554477,de:U-Bahnhof Rathaus Reinickendorf,,,,,,,,,,,,,yes,,,,,,,,,,,,,,,,,,,,,,,,,,,,,,,,,,,,,,,,,,,,,,,,,,,,,,,,,,,,,,,,,,,,,,,,,,POINT (13.3259254 52.5883733)
node,129730678,,,Südstern,,,,,station,station,,,subway,,yes,Q656081,de:U-Bahnhof Südstern,,,,,,,,,,,,,yes,,,,,,,,,,,,,,,,,,,,,,,,,,,,,,,,,,,,,,,,,,,,,,,,,,,,,,,,,,,,,,,,,,,,,,,,,,POINT (13.4076671 52.4892983)
node,174817813,,,Yorckstraße,,,,,station,station,,,subway,,yes,Q543907,de:Bahnhof Berlin Yorckstraße,,,,,,,,,,,,,yes,,,,,,,,,,,,,,,,,,,,,,,,,,,,,,,,,,,,,,,,,,,,,,,,,,,,,,,,,,,,,,,,,,,,,,,,,,POINT (13.3706891 52.4929715)
node,193661797,,,Friedrichsfelde,,,,Berliner Verkehrsbetriebe,station,station,,,subway,,yes,Q429781,de:U-Bahnhof Friedrichsfelde,,,,,,,,,,,,,yes,,,,,,BVG,,,,,indoor,,,,,,,,,,,,,,,,,,,,,,,,,,,,,,,,,,,,,,,,,,,,,,,,,,,,,,,,,,,,,,,POINT (13.5128387 52.5061644)
node,254087661,,,Berlin-Charlottenburg,,,,DB Station&Service AG,station,station,BCHB,3,,8010403,limited,Q702596,de:Bahnhof Berlin-Charlottenburg,,,,,,,yes,,,,,,,,,,,,,,,,,,,,,,,,,,,,,,,,,,,,,,,,,,,,,,,,,,,,,,,,,,,,,,,,,,,,,,,,,,,,,,,,POINT (13.3026447 52.5043157)
node,259845849,,,Gneisenaustraße,,,U-Bahnhof Gneisenaustraße,,station,station,,,subway,,no,Q668618,de:U-Bahnhof Gneisenaustraße,,,,,,,,,,,,,yes,,,,,,,,,,,,,,,,,,,,,,,,,,http://wheelmap.org,,,,,,,,,,,,,,,,,,,,,,,,,,,,,,,,,,,,,,,,,,,,,,,,POINT (13.3958247 52.4912895)
node,261941954,http://www.s-bahn-berlin.de/fahrplanundnetz/bahnhof/treptower-park/152,yes,Treptower Park,Verkehrsverbund Berlin-Brandenburg,VBB,Berlin Treptower Park,DB Netz AG,station,station,BTP,4,light_rail,8089043,yes,Q559274,de:Bahnhof Berlin Treptower Park,,realtime,no,,,,,,,,,,,,,,,,,,,,,indoor,,BOK,,,,,,,,,,,,,,,,,,,,,,,,,,,,,,,,,,,,,,,,,,,,,,,,,,,,,,,,,,,,,POINT (13.4618296 52.4938491)
node,266962352,http://www.s-bahn-berlin.de/fahrplanundnetz/bahnhof/olympiastadion/111,yes,Olympiastadion,Verkehrsverbund Berlin-Brandenburg,VBB,Berlin Olympiastadion,DB Netz AG;DB Station&Service AG,station,station,BOLS,3,light_rail,8089330,yes,Q800506,de:Bahnhof Berlin Olympiastadion,,,,,,,,,,,,,,,,,,,,,,,,,,,,,,,,,,,,,,,,,,,,,,,,,,,,,,,,,,,,,,,,,,,,,,,,,,,,,,,,,,,,,,,POINT (13.242828 52.5112644)
node,267379240,,,Berlin Südkreuz,,,,DB Netz AG;DB Station&Service AG,station,station,BPAF,1,,,yes,Q376589,de:Bahnhof Berlin Südkreuz,,,,,,,yes,,,Für den Personenverkehr benutzt die Bahn in der Regel das Kürzel BPAF und nicht BSKR oder BSKV.,,yes,,,,,,,,,,,,,,,,,,,4859,,,,,,,WC für Rollifahrer befindet sich links vom Eingang und ist gut ausgeschildert,,Berlin Papestraße,https://www.bahnhof.de/berlin-suedkreuz,,,,,,,,,,,,,,,,,,,,,,,,,,,,,,,,,,,,,,,,,,,,,,POINT (13.3660396 52.4765716)
node,316021790,,,Kaiserdamm,,,,,station,station,,,subway,,yes,Q656409,de:U-Bahnhof Kaiserdamm,,,,,,,,,,,,,yes,,,,,,,,,,,,,,,,,,,,,,,,,,,,,,,,,,,,,,,,,,,,,,,,,,,,,,,,,,,,,,,,,,,,,,,,,,POINT (13.2831263 52.5100921)
node,316785013,http://www.s-bahn-berlin.de/fahrplanundnetz/bahnhof/schoenhauser-allee/135,yes,Schönhauser Allee,Verkehrsverbund Berlin-Brandenburg,VBB,Berlin Schönhauser Allee,DB Netz AG,station,station,BSAL,4,light_rail,8089039,yes,Q571403,de:Bahnhof Berlin Schönhauser Allee,,,,,,,,,,,,,,,,,,,,,,,,,,,,,,,,,,,,,,,,,,Q315451,,,,,,,,,,,,,,,,,,,,,,,,,,,,,,,,,,,,,,,,,,,,,POINT (13.4155955 52.549243)
node,348348641,http://www.s-bahn-berlin.de/fahrplanundnetz/bahnhof/friedrichshagen/58,yes,Friedrichshagen,Verkehrsverbund Berlin-Brandenburg,VBB,Berlin-Friedrichshagen,DB Netz AG,station,station,BFRH,4,light_rail,8089060,yes,Q800474,de:Bahnhof Berlin-Friedrichshagen,,,,,,Q315451,yes,,,,,,,,,,,,,,,,no,indoor,,,,,,,,,,,,camera,,,,,,,,,,,,,,,,,,,,,,,,,,,,,,,,,,,,,,,,,,,,,,,,,,,POINT (13.6232934 52.4573763)
node,353664768,http://www.s-bahn-berlin.de/fahrplanundnetz/bahnhof/wuhlheide/170,yes,Wuhlheide,Verkehrsverbund Berlin-Brandenburg,VBB,Berlin Wuhlheide (S-Bahn),DB Netz AG,station,station,BWHH,5,light_rail,8089097,yes,Q800514,de:Bahnhof Berlin Wuhlheide,+49 30 297 43333,,,,,,,Berlin-Wuhlheide,,,,,,,,,,,,,,,,,,BKPK,,,,,,,,,,,,,,,,,,,,,,,,,,,,,,,,,,,,,,,,,,,,,,,,,,,,,,,,,,,,,POINT (13.5543359 52.4685507)
node,455501170,,,Berlin-Wannsee,,,,DB Netz AG,station,station,BWS,2,,8010405,yes,Q567336,de:Bahnhof Berlin-Wannsee,,,,,,,yes,,,,1874-06-01,,,,,,,,,,,,,,,,,,,,,,,,,,,,,,,,,,,,,,,,,,,,,,,,,,,,,,,,,,,,,,,,,,,,,,,,,,,,POINT (13.1800603 52.421199)
node,459277140,,,Berlin Gesundbrunnen,Verkehrsverbund Berlin-Brandenburg,,Berlin-Gesundbrunnen,DB Station&Service AG,station,station,BGS,1,,8011102,yes,Q678286,de:Bahnhof Berlin Gesundbrunnen,,realtime,no,,,,yes,,,Der Fernbahn-Teil des Bahnhofs ist ein betrieblich eigenständiger Bahnhof und hat daher einen eigenen Node mit railway=station!,,,,,,,,,,,,,wlan,,,,,,,,,,,,,,,,,,https://www.bahnhof.de/berlin-gesundbrunnen,,,,,,,,,,,,,,,,,,,,,,,,,,,,,,,,,,,,,,,,,,,,,,POINT (13.3902169 52.5486453)
node,523045806,http://www.s-bahn-berlin.de/fahrplanundnetz/bahnhof/karlshorst/87,yes,Karlshorst,Verkehrsverbund Berlin-Brandenburg,VBB,Berlin-Karlshorst S-Bahn,DB Netz AG,station,station,BKLH,3,light_rail,8010035,yes,Q464170,de:Bahnhof Berlin-Karlshorst,+49 30 297 43333,,,,,Q315451,yes,Berlin-Karlshorst,,,,,,,,,,,,,,,,,,,,,,,,,,,,,,,,,,,,,,,,,,,,,,,,,,,,,,,,,,,,,,,,,,,,,,,,,,,,,,,POINT (13.527279 52.4804671)
node,523045813,http://www.s-bahn-berlin.de/fahrplanundnetz/bahnhof/koepenick/92,yes,Köpenick,Verkehrsverbund Berlin-Brandenburg,VBB,Berlin-Köpenick S-Bahn,DB Netz AG,station,station,BKPK,4,light_rail,8089069,yes,Q800479,de:Bahnhof Berlin-Köpenick,+49 30 297 43333,,,,,,,,,,,yes,,,,,,,,,,,no,indoor,,,,,,,,,,,,camera,,,,,,,,,,,,,,,,,,,,,,,,,,,,,,,,,,,,,,,,,,,,,,,,,,,POINT (13.5815192 52.458577)
node,530812080,,,Berlin Friedrichstraße,,,,,station,station,BFRI,2,,8011306,limited,Q702402,de:Bahnhof Berlin Friedrichstraße,,,,,,,yes,,,"railway:ref=BFRI für Fernbahn, BFST für S-Bahn oben, BFSTT für S-Bahn unten (vgl. wiki)",1882-02-07,yes,,,,,,,,,,,,,,,,,,,,,,,,,,,,,,,5,,,,,,,,,,,,,,,,,,,,,,,,,,,,,,,,,,,,,,,,,,,,POINT (13.3869884 52.5201744)
node,557830030,,,Elsterwerdaer Platz,,,,,station,station,,,subway,,yes,Q551802,de:U-Bahnhof Elsterwerdaer Platz,,,,,,,,,,,,,yes,,,,,,,,,,wlan,indoor,,,,,,,,,,,,camera,,,,,,,,,,,,,,,,,,,,,,,,,,,,,,,,,,,,,,,,,,,,,,,,,,,POINT (13.560878 52.5052929)
node,557840857,,,Biesdorf-Süd,,,,,station,station,,,subway,,yes,Q551805,de:U-Bahnhof Biesdorf-Süd,,,,,,,,,,,,,yes,,,,,,,,,,,indoor,,,,,,,,,,,,camera,,,,,,,,,,,,,,,,,,,,,,,,,,,,,,,,,,,,,,,,,,,,,,,,,,,POINT (13.5465321 52.4996047)
node,614445865,http://www.s-bahn-berlin.de/fahrplanundnetz/bahnhof/wedding/175,yes,Wedding,Verkehrsverbund Berlin-Brandenburg,VBB,Berlin-Wedding (S-Bahn),DB Station&Service AG,station,station,BWED,4,light_rail,8089131,yes,Q638604,,+49 30 297 43333,no,,,,Q315451,yes,Berlin-Wedding,,,,,,,,,,,,,,1,,,,,,,,,,,,,,,,,,,,,,,,,,,,,,,,,,,,,,,,,,,,,,,,,,,,,,,,,,,,,,,,,POINT (13.3669996 52.5427866)
node,670704950,http://www.s-bahn-berlin.de/fahrplanundnetz/bahnhof/halensee/69,yes,Halensee,Verkehrsverbund Berlin-Brandenburg,VBB,Berlin-Halensee S-Bahn,DB Station&Service AG,station,station,BHAL,4,light_rail,8089109,yes,Q800476,de:Bahnhof Berlin-Halensee,+49 30 297 43333,,,,,,,Berlin-Halensee,,,,,,,,,,,,,,,,,,,,,,,,,,,,,,,,,,,,,,,,,,,,,,,,,,,,,,,,,,,,,,,,,,,,,,,,,,,,,,,POINT (13.2905555 52.4960247)
node,670801913,,yes,Ostkreuz,Verkehrsverbund Berlin-Brandenburg,VBB,Berlin Ostkreuz (S-Bahn),DB InfraGO AG,station,station,BOKS,3,light_rail,8089028,yes,Q660045,de:Bahnhof Berlin Ostkreuz,,realtime,no,,,Q315451,yes,Berlin Ostkreuz (S),,Bitte die 5 Nodes mit uic_ref in Bezug auf das Eisenbahn-Tagging so lassen und auch die Position nicht verändern. Die beiden Stadtbahn-Nodes BOKS und BOKR werden gerendert.,,yes,,,,,,,,,,,,indoor,,BOSB,,,,,4809,,,,,camera,,,,,,,,Bf,,,,,,,,,,,,,,,,,,,,,,,,,,,,,,,,,,,,,,,,,,,POINT (13.4695776 52.5031523)
node,1095078202,http://www.s-bahn-berlin.de/fahrplanundnetz/bahnhof/suedkreuz/119,yes,Südkreuz (Ringbahn),Verkehrsverbund Berlin-Brandenburg,VBB,Berlin Südkreuz (Ringbahn),DB Netz AG;DB Station&Service AG,station,station,BSKR,1,light_rail,8089073,yes,Q376589,de:Bahnhof Berlin Südkreuz,+49 30 297 43333,realtime,no,,,,,Berlin Südkreuz (S),,Für den Personenverkehr benutzt die Bahn in der Regel das Kürzel BPAF und nicht BSKR oder BSKV.,,yes,,,,,,,,,,,,,,,,,,,4859,,,,,,,WC für Rollifahrer befindet sich links vom Eingang und ist gut ausgeschildert,,,,,,,,,,,,,,,,,,,,,,,,,,,,,,,,,,,,,,,,,,,,,,,,,POINT (13.3650726 52.4759806)
node,1127966981,http://www.s-bahn-berlin.de/fahrplanundnetz/bahnhof/gesundbrunnen/62,yes,Gesundbrunnen,Verkehrsverbund Berlin-Brandenburg,VBB,Berlin-Gesundbrunnen S-Bahn,DB Station&Service AG,station,station,BGB,1,light_rail,8089015,yes,Q678286,de:Bahnhof Berlin Gesundbrunnen,+49 30 297 43333,realtime,no,,,,yes,Berlin Gesundbrunnen(S),,Der S-Bahn-Teil des Bahnhofs ist ein betrieblich eigenständiger Bahnhof und hat daher einen eigenen Node mit railway=station!,,,no,,,,,,,,,-1,wlan,,,,,,,,,,,,,,,,,S Nordkreuz,,,-1,,,,,,,,,,,,,,,,,,,,,,,,,,,,,,,,,,,,,,,,,,,,POINT (13.3900758 52.5491748)
node,1351158702,http://www.s-bahn-berlin.de/fahrplanundnetz/bahnhof/zoologischer-garten/169,yes,Zoologischer Garten,Verkehrsverbund Berlin-Brandenburg,VBB,Berlin Zoologischer Garten S-Bahn,DB Netz AG;DB Station&Service AG,station,station,BZOS,2,light_rail,8010406,yes,Q681785,de:Bahnhof Berlin Zoologischer Garten,+49 30 297 43333,,,,,,,Berlin Zoologischer Garten,Bahnhof Zoo,"S-Bahn-Bahnhof ist eigenständiger Bahnhof, daher zwei Bahnhöfe hier!",,,,,,,,,,,,,,,,,,,,,,,,,,,,,,,,,,,,,,,,,,,,,,,,,,,,,,,,,,,,,,,,,,,,,,,,,,,,,POINT (13.331868 52.5071378)
node,1390287336,http://www.s-bahn-berlin.de/fahrplanundnetz/bahnhof/feuerbachstrasse/11,yes,Feuerbachstraße,Verkehrsverbund Berlin-Brandenburg,VBB,Berlin Feuerbachstraße,DB Netz AG,station,station,BFB,5,light_rail,8089012,yes,Q800501,de:Bahnhof Berlin Feuerbachstraße,+49 30 297 43333,,,,,,,Berlin Feuerbachstr.,,mangels Weichen nur ein Haltepunkt,,,,,,,,,,,,,,,,,,,,,,,,,,,,,,,,,-1,,,,,,,,,,,,,,,,,,,,,,,,,,,,,,,,,,,,,,,,,,,,POINT (13.3326994 52.463673)
node,1498939809,,,Rosenthaler Platz,,,U-Bahnhof Rosenthaler Platz,,station,station,,,subway,,yes,Q663231,de:U-Bahnhof Rosenthaler Platz,,,,,,,,,,,,,yes,,,,yes,Bankhaus Lenz,,,,,,,,,,,,,,,,,,,,,,,,,,,,U Rosenthaler Platz,10119,,,,,,,,,,,,,,,,,,,,,,,,,,,,,,,,,,,,,,,,POINT (13.4011206 52.5298999)
node,1731759740,http://www.s-bahn-berlin.de/fahrplanundnetz/bahnhof/schlachtensee/4,yes,Schlachtensee,Verkehrsverbund Berlin-Brandenburg,VBB,Berlin-Schlachtensee,DB Netz AG,station,station,BSLS,4,light_rail,8089085,yes,Q800509,de:Bahnhof Berlin-Schlachtensee,+49 30 297 43333,,,,,,,,,,,,,,,,,,,,,,,,,,,,,,,,,,,,,,,,,,,,,,,,,,,,,,,,,,,,,,,,,,,,,,,,,,,,,,,,,,,,,,POINT (13.2154373 52.440088)
node,1870089918,,,Buckower Damm,,,,,station,station,,,miniature,,limited,,,,,,,,,yes,,,,,,,,,,,,,,,,,,,,,,,,,,,,,,,,,,,,,,,,,tourism,,,,,,,,,,,,,,,,,,,,,,,,,,,,,,,,,,,,,,,POINT (13.4299672 52.4290685)
node,1871042745,http://www.s-bahn-berlin.de/fahrplanundnetz/bahnhof/tempelhof/150,yes,Tempelhof,Verkehrsverbund Berlin-Brandenburg,VBB,Berlin-Tempelhof S-Bahn,DB Netz AG;DB Station&Service AG,station,station,BTHF,4,light_rail,8089090,yes,Q571405,de:Bahnhof Berlin-Tempelhof,,realtime,no,,,,,Berlin-Tempelhof,,,,,,,,,,,,,,,,,,,,,,,565,,,,,,,,,,,,,,,,,,,,,,,,,,,,,,,,,,,,,,,,,,,,,,,,,,,,,,,,POINT (13.3844457 52.4709704)
node,1894165224,,,Kalenderplatz,,,,,station,station,,,miniature,,limited,,,,,,,,,yes,,,,,,,,,,,,,,,,,,,,,,,,,,,,,,,,,,,,,,,,,tourism,,,,,,,,,,,,,,,,,,,,,,,,,,,,,,,,,,,,,,,POINT (13.4217208 52.4364063)
node,1947340096,http://www.s-bahn-berlin.de/fahrplanundnetz/bahnhof/nordbahnhof/109,yes,Nordbahnhof,Verkehrsverbund Berlin-Brandenburg,VBB,Berlin Nordbahnhof,DB Netz AG;DB Station&Service AG,station,station,BNB,4,light_rail,8089024,no,Q673721,de:Berlin Nordbahnhof,+49 30 297 43333,realtime,no,,,Q315451,yes,,,,,,,,,,,,,,,,,,,,,,,,532,,,,,,,,,,,,,,,,,,,,,,,,,,,,,,,,,,,,,,,,,,,,,,,,,,,,,,,,POINT (13.3878392 52.5322749)
node,2102139395,,,Gleisdreieck,,,,,station,station,,,subway,,yes,Q678372,de:U-Bahnhof Gleisdreieck,,,,,,,,,,,,no,yes,,,,,,,,,,,,,,,,,,,,,,,,,,,,,,,,,,,,,,,,,,,,,,,,,,,,,,,,,,,,,,,,,,,,,,,,,,POINT (13.3740318 52.4995261)
node,2134525648,http://www.s-bahn-berlin.de/fahrplanundnetz/bahnhof/oranienburger-strasse/113,yes,Oranienburger Straße,Verkehrsverbund Berlin-Brandenburg,VBB,Berlin Oranienburger Straße,DB Netz AG,station,station,BORS,4,light_rail,8089027,yes,Q480249,de:Bahnhof Berlin Oranienburger Straße,,,,,,Q315451,yes,,,,,,,,,,,,,,,,,,,BNB,,,,,,,,,,,,,,,,,,,,,,,,,,,,,,,,,,,,,,,,,,,,,,,,,,,,,,,,,,,,,POINT (13.3930145 52.5252246)
node,2459919675,,,Berlin Hauptbahnhof (tief),,,Berlin Hauptbahnhof - Lehrter Bahnhof,DB Netz AG,station,station,BL,1,,8098160,yes,Q1097,de:Berlin Hauptbahnhof,,,,,,,yes,Berlin Hauptbahnhof (tief),,"""Dummy""-Node für die Betriebsstellenbezeichnung (DS100) der unteren acht Ferngleise; wird unter anderem für die OpenRailwayMap benötigt; name ist ein ""educated"" guess",2006-05-28,yes,,,,,,,,,,,,,,,,,,,,,,,,,,,,,,,-2,,Berlin Hbf (tief),,,,ベルリン中央駅,,,,,,,,,,,,,,,,,,,,,,,,,,,,,,,,,,,,,,POINT (13.369861 52.5246361)
node,2461322542,,,Gesundbrunnen,,,,,station,station,,,subway,,yes,,,,realtime,no,,,,,,,,,,yes,,,,,,,,,,,,,,,,,,,,,,,,,,,,,,,,,,,,,,,,,,,,,,,,,,,,,,,,,,,,,,,,,,,,,,,,,,POINT (13.3883057 52.5488223)
node,2567991414,http://www.s-bahn-berlin.de/fahrplanundnetz/bahnhof/bornholmer-strasse/45,yes,Bornholmer Straße,Verkehrsverbund Berlin-Brandenburg,VBB,Berlin Bornholmer Straße,DB Netz AG;DB Station&Service AG,station,station,BBOS,4,light_rail,8089008,yes,Q32662318,de:Bahnhof Berlin Bornholmer Straße,+49 30 297 43333,,,,,,,Berlin Bornholmer Str.,,,,,,,,,,,,,,,wlan,indoor,,,,,,,791,,,,,camera,,,,,,,,,,,,,,,,,,,,,,,,,,,,,,,,,,,,,,,,,,,,,,,,,,,POINT (13.3978451 52.5547713)
node,2568010568,http://www.s-bahn-berlin.de/fahrplanundnetz/bahnhof/alt-reinickendorf/27,yes,Alt-Reinickendorf,Verkehrsverbund Berlin-Brandenburg,VBB,Berlin Alt Reinickendorf,DB Netz AG,station,station,BARF,5,light_rail,8089103,limited,Q800496,de:Bahnhof Berlin Alt-Reinickendorf,+49 30 297 43333,,,,,Q315451,yes,Berlin Alt-Reinickendorf,,,,,,,,,,,,,,,,,,,,,,,,,,,,,,,,,,,,,,,,,,,,,,,,,,,,,,,,,,,,,,,,,,,,,,,,,,,,,,,POINT (13.3512427 52.5777843)
node,2568020195,http://www.s-bahn-berlin.de/fahrplanundnetz/bahnhof/tegel/149,yes,Tegel,Verkehrsverbund Berlin-Brandenburg,VBB,Berlin-Tegel,DB Netz AG;DB Station&Service AG,station,station,BTG,5,light_rail,8089089,yes,Q800493,de:Bahnhof Berlin-Tegel,+49 30 297 43333,,,,,,,Berlin-Tegel (S),,,,,,,,,,,,,,,,,,,,,,,,,,,,,,,,,,,,,,,,,,,,,,,,,,,,,,,,,,,,,,,,,,,,,,,,,,,,,,,POINT (13.2896968 52.5881913)
node,2613268560,http://www.s-bahn-berlin.de/fahrplanundnetz/bahnhof/buckower-chaussee/47,yes,Buckower Chaussee,Verkehrsverbund Berlin-Brandenburg,VBB,Berlin Buckower Chaussee,DB Netz AG,station,station,BBCH,5,light_rail,8089010,yes,Q800499,de:Bahnhof Berlin Buckower Chaussee,,,,,,,,,,,,no,,,,,,,,,,,,,,,,,,,,,,,,,,,,,,,,,,,,,,,,,,,,,,,,,,,,,,,,,,,,,,,,,,,,,,,,,,,POINT (13.3827559 52.4105417)
node,2634929378,http://www.s-bahn-berlin.de/fahrplanundnetz/bahnhof/heiligensee/73,yes,Heiligensee,Verkehrsverbund Berlin-Brandenburg,VBB,Berlin-Heiligensee,DB Netz AG,station,station,BHLS,4,light_rail,8089025,yes,Q800475,de:Bahnhof Berlin-Heiligensee,,,,,BHLS,,,,,,,,,,,,,,,,,,,,,,,,,,,,,,,,,,,,,,,,,,,,,,,,,,,,,,,,,,,,,,,,,,,,,,,,,,,,,,,,,,POINT (13.229194 52.6246647)
node,2808272930,http://www.s-bahn-berlin.de/fahrplanundnetz/bahnhof/schoeneberg/13,yes,Schöneberg,Verkehrsverbund Berlin-Brandenburg,VBB,Berlin-Schöneberg (Vorortbahn),DB Netz AG;DB Station&Service AG,station,station,BSGV,4,light_rail,8089474,no,Q543855,de:Bahnhof Berlin-Schöneberg,+49 30 297 43333,timetable,,,,,,Berlin-Schöneberg,,Für den Personenverkehr benutzt die Bahn in der Regel das Kürzel BSGR und nicht BSGV.,,,,,,,,,,,,1,,,,,,,,,558,,,https://www.bahnhof.de/bahnhof-de/bahnhof/Schoeneberg-1025752,,,,,,,,,,,,,,,,,,,,,,,,,,,,,,,,,,,,,,,,,,,,,,,,,,,,,POINT (13.3519181 52.4793491)
node,2837556546,http://www.s-bahn-berlin.de/fahrplanundnetz/bahnhof/ostbahnhof/115,yes,Ostbahnhof,Verkehrsverbund Berlin-Brandenburg,VBB,Berlin Ostbahnhof S-Bahn,DB Station&Service AG,station,station,BOSB,1,light_rail,8010255,limited,Q683239,de:Berlin Ostbahnhof,,,,,,,,Berlin Ostbahnhof,,,,,,,,,,,,,,,,,,,,,,,,,,,,,,,,,,,,,,,,,,2,,,,,,,,,,,,,,,,,,,,,,,,,,,,,,,,,,,,,POINT (13.4351709 52.5107448)
node,2909563126,http://www.s-bahn-berlin.de/fahrplanundnetz/bahnhof/blankenburg/42,yes,Blankenburg,Verkehrsverbund Berlin-Brandenburg,VBB,Berlin-Blankenburg S-Bahn,DB Netz AG,station,station,BBLB,4,light_rail,8089056,yes,Q800469,de:Bahnhof Berlin-Blankenburg,+49 30 297 43333,,,,,,,,,,,,,,,,,,,,,,,,,,,,,,,,,,,,,,,,,,,,,,,,,,,,,,,,,,,,,,,,,,,,,,,,,,,,,,,,,,,,,,POINT (13.4434822 52.5914655)
node,2924245392,,,Wedding,,,,,station,station,,,subway,,yes,Q638604,de:Bahnhof Berlin-Wedding,,realtime,no,,,,,,,,,,yes,,,,,,,,,-1,,,,,,,,,,,,,,,,,,,,,,,,,,,,,,,,,,,,,,,,,,,,,,,,,,,,,,,,,,,,,,,,,POINT (13.3650375 52.5430625)
node,2974219763,http://www.s-bahn-berlin.de/fahrplanundnetz/bahnhof/stresow/177,yes,Stresow,Verkehrsverbund Berlin-Brandenburg,VBB,Berlin-Stresow,DB Netz AG,station,station,BSRW,5,light_rail,8089053,yes,Q800491,de:Bahnhof Berlin-Stresow,+49 30 297 43333,realtime,no,,,,,,,"""Berlin-Stresow"" ist die offizielle Betriebsstellenbezeichnung",,,,,,,,,,,,,,,,BSPA,,,,,,,,,,,,,,,,,,,,,,,,,Berlin-Spandau bzw. 1911-1936 Spandau (Hbf.),,,,,,,,,,,,,,,,,,,,,,,,,,,,,,,,,,,,POINT (13.2093454 52.5319419)
node,3092283379,http://www.s-bahn-berlin.de/fahrplanundnetz/bahnhof/frohnau/60,yes,Frohnau,Verkehrsverbund Berlin-Brandenburg,VBB,Berlin-Frohnau,DB Netz AG,station,station,BFOH,4,light_rail,8089061,yes,Q800472,de:Bahnhof Berlin-Frohnau,+49 30 297 43333,,,S Frohnau,,,,,,,,,,,,,,,,,,,,,,,,,,,,,,,,,,,,,,,,,,,,,,,,,,,,,,,,,,,,,,,,,,,,,,,,,,,,,,,,,,,POINT (13.2902205 52.632409)
node,3092447211,http://www.s-bahn-berlin.de/fahrplanundnetz/bahnhof/waidmannslust/154,yes,Waidmannslust,Verkehrsverbund Berlin-Brandenburg,VBB,Berlin-Waidmannslust,DB Netz AG,station,station,BWAI,4,light_rail,8089092,yes,Q800492,de:Bahnhof Berlin-Waidmannslust,+49 30 297 43333,,,S Waidmannslust,,,,,,,,,,,,,,,,,,,,,,,,,,,,,,,,,,,,,,,,,,,,,,,,,,,,,,,,,,,,,,,,,,,,,,,,,,,,,,,,,,,POINT (13.321194 52.6062718)
node,3101920259,,,Berlin-Spandau,,,,DB Netz AG,station,station,BSPD,2,,8010404,yes,Q654980,de:Bahnhof Berlin-Spandau,,,,,,,yes,,,,1910-07-15,yes,,,,,,,,,,,,,,,,,,,,,,,Category:Bahnhof Berlin-Spandau,,,,,,https://www.bahnhof.de/berlin-spandau,,,,,,,,,,,,,,,,,,,,,,,,,,,,,,,,,,,,,,,,,,,,,,POINT (13.1956287 52.5347694)
node,3154117524,http://www.s-bahn-berlin.de/fahrplanundnetz/bahnhof/schoenholz/136,yes,Schönholz,Verkehrsverbund Berlin-Brandenburg,VBB,Berlin-Schönholz S-Bahn,DB Netz AG,station,station,BSNH,4,light_rail,8089087,yes,Q800490,de:Bahnhof Berlin-Schönholz,+49 30 297 43333,realtime,no,,,,,,,,,,,,,,,,,,,,,,,,,,,,,,,,,,,,,,,,,,,,,,,,,,,,,,,,,,,,,,,,,,,,,,,,,,,,,,,,,,,,POINT (13.3809904 52.5715004)
node,3234856203,http://www.s-bahn-berlin.de/fahrplanundnetz/bahnhof/attilastrasse/29,yes,Attilastraße,Verkehrsverbund Berlin-Brandenburg,VBB,Berlin Attilastraße,DB Netz AG,station,station,BATS,5,light_rail,8089003,yes,Q800497,de:Bahnhof Berlin Attilastraße,+49 30 297 43333,,,,,,,,,,,,,,,,,,,,,,,,,,,,,,,,,,,,,,,,,,,,,,,,,,,,,,,,,,,,,,,,,,,,,,,,,,,,,,,,,,,,,,POINT (13.3607503 52.4480308)
node,3352091173,,,Stadtmitte,,,,,station,station,,,subway,,yes,Q660066,de:U-Bahnhof Stadtmitte,,,,,,,,,U Stadtmitte,,,,yes,,,,,,,,,,,,,,,,,,,,,,,,,,,,,,,,,,,,,,,,,,,,,,,,,,,,,,,,,,,,,,,,,,,,,,,,,,POINT (13.3896554 52.5120808)
node,3419894993,,,Berlin Ostbahnhof,DBUS,,,DB Station&Service AG,station,station,BHF,1,,8010255,yes,Q683239,de:Berlin Ostbahnhof,,,,,,,yes,,,der Fernbahnteil und die S-Bahn-Station sind zwei eigenständige Bahnhöfe im gleichen Gebäude!,,no,,,,,,,,,,,,,,,,,,,,,,,,,,,,Berlin Schlesischer Bahnhof;Berlin (Ost) Hauptbahnhof,https://www.bahnhof.de/berlin-ostbahnhof,,,,Berlin Ostbf,,,,ベルリン・東駅,,,,,,,,,,,,,,,,,,,,,,,,,,,,,,,,,,,,,,POINT (13.4349112 52.5103817)
node,3508654676,http://www.s-bahn-berlin.de/fahrplanundnetz/bahnhof/altglienicke/28,yes,Altglienicke,Verkehrsverbund Berlin-Brandenburg,VBB,Berlin-Altglienicke,DB Netz AG,station,station,BAGL,5,light_rail,8089054,yes,Q4736651,de:Bahnhof Berlin-Altglienicke,,no,,,,,,,,,,,,,,,,,,,,,,,,,,,,,,,,,,,,,,,,,,,,,,,,,,,,,,,,,,,,,,,,,,,,,,,,,,,,,,,,,,,,,POINT (13.5582554 52.4069533)
node,3508654679,http://www.s-bahn-berlin.de/fahrplanundnetz/bahnhof/gruenau/65,yes,Grünau,Verkehrsverbund Berlin-Brandenburg,VBB,Berlin-Grünau S-Bahn,DB Netz AG;DB Station&Service AG,station,station,BGAS,4,light_rail,8089063,yes,Q324777,de:Bahnhof Berlin-Grünau,,,,,,,,,,,,,,,,,,,,,,,,,,,,,,,540,,,,,,,,,,,,,,Bln-Grünau,,,,,,,,,,,,,,,,,,,,,,,,,,,,,,,,,,,,,,,,,,POINT (13.5736378 52.4128789)
node,3508654680,http://www.s-bahn-berlin.de/fahrplanundnetz/bahnhof/schoeneweide/133,yes,Schöneweide,Verkehrsverbund Berlin-Brandenburg,VBB,Berlin-Schöneweide S-Bahn,DB Netz AG,station,station,BSW,3,light_rail,8089168,yes,Q540899,de:Bahnhof Berlin-Schöneweide,+49 30 297 43333,,,,,,,Berlin-Schöneweide (S),,,,,,,,,,,,,,,no,,,,,,,,,,,,,,,,,,,,,,,Berlin-Schöneweide S-Bahn,,,,,,,,,,,,,,,,,,,,,,,,,,,,,,,,,,,,,,,,,POINT (13.5097653 52.4549058)
node,3515302610,http://www.s-bahn-berlin.de/fahrplanundnetz/bahnhof/baumschulenweg/174,yes,Baumschulenweg,Verkehrsverbund Berlin-Brandenburg,VBB,Berlin-Baumschulenweg S-Bahn,DB Station&Service AG,station,station,BBMW,4,light_rail,8089004,yes,Q324336,de:Bahnhof Berlin-Baumschulenweg,+49 30 297 43333,realtime,yes,,,,,,,,,,,,,,,,,,,,wlan,,,,,,,,,,,,,,,,,,,,,,,Berlin-Baumschulenweg S-Bahn,,,,,,,,,,,,,,,,,,,,,,,,,,,,,,,,,,,,,,,,,POINT (13.4898621 52.4674002)
node,3515302614,http://www.s-bahn-berlin.de/fahrplanundnetz/bahnhof/neukoelln/172,yes,Neukölln,Verkehrsverbund Berlin-Brandenburg,VBB,Berlin-Neukölln S-Bahn,DB Station&Service AG,station,station,BNK,4,light_rail,8089077,yes,Q569905,de:Bahnhof Berlin-Neukölln,+49 30 297 43333,,,,,Q315451,yes,Berlin-Neukölln,,,,,,,,,,,,,,,,,,,,,,,,,,,,,,,,,,,,,,,,,,,,,,,,,,,,,,,,,,,,,,,,,,,,,,,,,,,,,,,POINT (13.4437571 52.4695134)
node,3540720029,,,Berlin-Schöneweide,Verkehrsverbund Berlin-Brandenburg,VBB,,DB Netz AG,station,station,BSWP,3,,8010041,yes,Q540899,de:Bahnhof Berlin-Schöneweide,,realtime,no,,,,yes,,,,,,,,,,,,,,,,,,,,,,,,,,,,,,,,,,,,,,,Berlin-Schöneweide Pbf,,,,,,,,,,,,,,,,,,,,,,,,,,,,,,,,,,,,,,,,,POINT (13.5092508 52.4548738)
node,3658970189,,yes,Warschauer Straße,Verkehrsverbund Berlin-Brandenburg,VBB,Berlin Warschauer Straße,DB Netz AG;DB Station&Service AG,station,station,BWRS,4,light_rail,8089045,yes,Q664036,de:Bahnhof Berlin Warschauer Straße,,,,,,,,,,,,no,,,,,,,,,,,,,,BOSB,,,,,,,,,,,,,,,,,,,,,,,,,,,,,,,,,,,,,,,,,,,,,,,,,,,,,,,,,,,,,POINT (13.4501205 52.5063685)
node,3659830181,http://www.s-bahn-berlin.de/fahrplanundnetz/bahnhof/greifswalder-strasse/63,yes,Greifswalder Straße,Verkehrsverbund Berlin-Brandenburg,VBB,Berlin Greifswalder Straße S-Bahn,DB Netz AG,station,station,BGSF,4,light_rail,8089011,yes,Q439246,de:Bahnhof Berlin Greifswalder Straße,+49 30 297 43333,,,,,Q315451,,Berlin Greifswalder Str,,,,,,,,,,,,,,,,indoor,,,,,,,,,,,,camera,,,,,,,,,,,,,,,,,,,,,,,,,,,,,,,,,,,,,,,,,,,,,,,,,,,POINT (13.4389887 52.5402462)
node,3772787174,,,Seestraße,,,,,station,station,,,subway,,no,Q554391,de:U-Bahnhof Seestraße,,,,,,,,,,,,,yes,,,,,,,,,,,indoor,,,,,,,,,,,,,,,,,,,,,,,,,,,,Bahn setzt anderen Wert für Tag wheelchair als Mapper,,,,,,,,,,,,,,,,,,,,,,,,,,,,,,,,,,,POINT (13.3531176 52.5498029)
node,3772836700,,,Leopoldplatz,Verkehrsverbund Berlin-Brandenburg,VBB,,Berliner Verkehrsbetriebe,station,station,,,subway,,yes,Q1960809,de:U-Bahnhof Leopoldplatz,,,,,,Q315451,yes,,,,,no,yes,,,,yes,Sparkasse,BVG,,,,,indoor,,,,,,,,,,,,,,,,,,,,,,,,,,,,,,,,,,,,,,,,,,,,,,,,,,,,,,,,,,,,,,,POINT (13.3591672 52.5463833)
node,3778075167,http://www.s-bahn-berlin.de/fahrplanundnetz/bahnhof/hermannstrasse/173,yes,Hermannstraße,Verkehrsverbund Berlin-Brandenburg,VBB,Berlin Hermannstraße,DB Netz AG;DB Station&Service AG,station,station,BHER,4,light_rail,8089105,yes,Q1421962,de:Bahnhof Berlin Hermannstraße,+49 30 297 43333,,,,,,,,,,,,,,,,,,,,,,,,,BNK,,,,,2716,,,,,,,,,,,,,,,,,,,,,,,,,,,,,,,,,,,,,,,,,,,,,,,,,,,,,,,,POINT (13.4312408 52.4676341)
node,3779421874,http://www.s-bahn-berlin.de/fahrplanundnetz/bahnhof/bundesplatz/48,yes,Bundesplatz,Verkehrsverbund Berlin-Brandenburg,VBB,Berlin Bundesplatz,DB Netz AG;DB Station&Service AG,station,station,BBUP,4,light_rail,8089107,yes,Q464094,de:Bahnhof Berlin Bundesplatz,,,,,,,,,,,,,,,,,,,,,,,,,,,,,,,970,,,,,,,,,,,,,,,,,,,,,,,,,,,,,,,,,,,,,,,,,,,,,,,,,,,,,,,,POINT (13.3295474 52.477658)
node,3799307108,,,Frankfurter Allee,,,,,station,station,,,subway,,yes,Q552872,de:Bahnhof Berlin Frankfurter Allee,,,,,,,,,,,,,yes,,,,yes,Sparkasse,,,,,,indoor,,,,,,,,,,,,,,,,,,,,,,,,,,,,,,,,,,,,,,,,,,,,,,,,,,,,,,,,,,,,,,,POINT (13.4754364 52.5136227)
node,3808290434,http://www.s-bahn-berlin.de/fahrplanundnetz/bahnhof/charlottenburg/49,yes,Charlottenburg,Verkehrsverbund Berlin-Brandenburg,VBB,Berlin-Charlottenburg S-Bahn,DB Netz AG,station,station,BCHS,3,light_rail,8010403,yes,Q702596,de:Bahnhof Berlin-Charlottenburg,,,,,BCHS,,,,,,,,,,,,,,,,,,,,,,,,,,,,,,,,,,,,,,,,,,,,シャルロッテンブルク,,,,,,,,,,,,,,,,,,,,,,,,,,,,,,,,,,,,,,POINT (13.3045162 52.5050484)
node,3820796396,,,Naturkundemuseum,,,,,station,station,,,subway,,yes,Q554399,de:U-Bahnhof Naturkundemuseum,,,,U Naturkundemuseum,,,,,,name before 2009 December: U Zinnowitzer Straße,,,yes,,,,,,,,,-1,,indoor,,,,,,,,,,,,,,,,,,,,,,,,,,2,,,,,,,,,,,,,,,,,,,,,,,,,,,,,,,,,,,,,POINT (13.3821605 52.5312724)
node,3842232853,http://www.s-bahn-berlin.de/fahrplanundnetz/bahnhof/schichauweg/132,yes,Schichauweg,Verkehrsverbund Berlin-Brandenburg,VBB,Berlin Schichauweg,DB Netz AG,station,station,BSC,5,light_rail,8089038,yes,Q3672596,de:Bahnhof Berlin Schichauweg,,,,,,,,,,,,,,,,,,,,,,,,,,,,,,,,,,,,,,,,,,,,,,,,,,,,,,,,,,,,,,,,,,,,,,,,,,,,,,,,,,,,,,,POINT (13.3894102 52.3985451)
node,3844356478,,,Voltastraße,,,,,station,station,,,subway,,yes,Q663308,de:U-Bahnhof Voltastraße,,realtime,no,U Voltastraße,,,,,,,,,yes,,,,,,,,,,,,,,,,,,,,,,,,,,,,,,,,,,,,,,,,,,,,,,,,,,,,,,,,,,,,,,,,,,,,,,,,,,POINT (13.392876 52.5422898)
node,3844467019,,,Moritzplatz,Verkehrsverbund Berlin-Brandenburg,VBB,,Berliner Verkehrsbetriebe,station,station,,,subway,730889,no,Q374225,de:U-Bahnhof Moritzplatz,,,,,,Q315451,yes,"Moritzplatz (U), Berlin",,,,no,yes,,,,,,BVG,Q99633,2022-07-22,,,,,,,,,,,,,,,,,,,,,,,,,,,,,,,,,,,,,,,,,,,,,,,,,,,,,,,,,,,,,,,,,,POINT (13.4107479 52.5036623)
node,3844501316,,,Schönleinstraße,,,,,station,station,,,subway,,no,Q666868,de:U-Bahnhof Schönleinstraße,,,,,,,,,,,,,yes,,,,yes,Bankhaus Lenz,,,,,,,,,,,,,,,,,,,,,,,,,,,,,,,,,,,,,,,,,,,,,,,,,,,,,,,,,,,,,,,,,,,,,POINT (13.4220572 52.4930552)
node,3846358177,http://www.s-bahn-berlin.de/fahrplanundnetz/bahnhof/lichterfelde-ost/99,yes,Lichterfelde Ost,Verkehrsverbund Berlin-Brandenburg,VBB,Berlin-Lichterfelde Ost (S-Bahn),DB Netz AG,station,station,BLIO,3,light_rail,8089113,yes,Q469743,de:Bahnhof Berlin-Lichterfelde Ost,+49 30 297 43333,,,,,,,Berlin-Lichterfelde Ost (S),,,,no,,,,,,,,,,1,,,,,,,,,,,,,,,,,,,,,,,,,,,,,,,,,,,,,,,,,,,,,,,,,,,,,,,,,,,,,,,,,POINT (13.3280815 52.4298633)
node,3846415853,,,Boddinstraße,,,,,station,station,,,subway,,yes,Q819495,de:U-Bahnhof Boddinstraße,,realtime,no,,,,,,,,,,yes,,,,,,,,,,,,,,,,,,,,,,,,,,,,,,,,,,,,,,,,,,,,,,,,,,,,,,,,,,,,,,,,,,,,,,,,,,POINT (13.425281 52.4801685)
node,3846471665,,,Leinestraße,,,,,station,station,,,subway,,yes,Q668563,de:U-Bahnhof Leinestraße,,,,,,,,,,,,,yes,,,,,,,,,,,,,,,,,,,,,,,,,,,,,,,,,,,,,,,,,,,,,,,,,,,,,,,,,,,,,,,,,,,,,,,,,,POINT (13.4283545 52.4729787)
node,3846589198,,,Strausberger Platz,,,,,station,station,,,subway,,yes,Q570999,de:U-Bahnhof Strausberger Platz,,,,,,,,,,,,,yes,,,,,,,,,,,indoor,,,,,,,,,,,,,,Fahrstuhl,,,,,,,,,,,,,,,,,,,,,,,,,,,,,,,,,,,,,,,,,,,,,,,,,POINT (13.4315264 52.5180981)
node,3846748389,,,Dahlem-Dorf,,,,,station,station,,,subway,,yes,Q668585,de:U-Bahnhof Dahlem-Dorf,,,,,,,,,,,,,yes,,,,,,,,,,,,,,,,,,,,,,File:Berlin U-Bf Dahlem-Dorf asv2023-06 img1.jpg,,,,,,,,,,,,,,,,,,,,,,,,,,,,,,,,,,,,,,,,,,,,,,,,,,,,POINT (13.2897049 52.4574096)
node,3846755695,,,Weberwiese,,,,,station,station,,,subway,,yes,Q551768,de:U-Bahnhof Weberwiese,,,,,,,,,,,,,yes,,,,,,,,,,,indoor,,,,,,,,,,,,,,,,,,,,,,,,,,,,,,,,,,,,,,,,,,,,,,,,,,,,,,,,,,,,,,,POINT (13.4447135 52.5167465)
node,3851450060,,,Grenzallee,,,,,station,station,,,subway,,yes,Q571836,de:U-Bahnhof Grenzallee,,,,,,,,,,,,,yes,,,,,,,,,,,,,,,,,,,,,,,,,,,,,,,,,,,,,,,,,,,,,,,,,,,,,,,,,,,,,,,,,,,,,,,,,,POINT (13.4447716 52.4628825)
node,3854167532,,,Rehberge,,,,,station,station,,,subway,,yes,Q253850,de:U-Bahnhof Rehberge,,,,,,,,,,,,,yes,,,,,,,,,,,indoor,,,,,,,,,,,,,,,,,,,,,,,,,,,,,,,,,,,,,,,,,,,,,,,,,,,,,,,,,,,,,,,POINT (13.3409843 52.5566893)
node,3854590993,http://www.s-bahn-berlin.de/fahrplanundnetz/bahnhof/anhalter-bahnhof/15,yes,S Anhalter Bahnhof,Verkehrsverbund Berlin-Brandenburg,VBB,Berlin Anhalter Bf,DB Netz AG,station,station,BAHU,3,light_rail,8089002,yes,Q695244,de:Berlin Anhalter Bahnhof,+49 30 297 43333,,,,,,yes,Berlin Anhalter Bf,,,,,,,,,,,,,,,,,,,,,,,,,,,,,,,,,,,,,,,,,,,,,,,,,,,,,,,,,,,,,,,,,,,,,,,,,,,,,,,POINT (13.3814763 52.5035788)
node,3854590996,http://www.s-bahn-berlin.de/fahrplanundnetz/bahnhof/potsdamer-platz/124,yes,Potsdamer Platz,Verkehrsverbund Berlin-Brandenburg,VBB,Berlin Potsdamer Platz (S-Bahn),DB Netz AG,station,station,BPOP,2,light_rail,8089032,limited,Q672579,de:Bahnhof Berlin Potsdamer Platz,+49 30 297 43333,,,,,Q315451,yes,Berlin Potsdamer Platz (S),,,,,,,,,,,,,,,,,,,,,,,,,,,,,,,,,,,,,,,,,,,,,,,,,,,,,,,,,,,,,,,,,,,,,,,,,,,,,,,POINT (13.3766399 52.5094035)
node,3854590997,,,Hallesches Tor,,,,,station,station,,,subway,,yes,Q658302,de:U-Bahnhof Hallesches Tor,,,,,,,,,,,,,yes,,,,,,,,,,,,,,,,,,,,,,,,,,,,,,,,,U Hallesches Tor,,,,,,,,,,,,,,,,,,,,,,,,,,,,,,,,,,,,,,,,,POINT (13.3906496 52.4977596)
node,3854591000,,,U Potsdamer Platz,,,,,station,station,,,subway,,yes,Q3909578,,,,,,,,,,,,,,yes,,,,,,,,,,,,,,,,,,,,,,Category:U-Bahnhof Potsdamer Platz (Berlin),,,,,,,,,,,,,,,,,,4,lda,Baudenkmal,09095936,,,,,,,,,,,,,,,,,,,,,,,,,,,,,,,POINT (13.3782147 52.5091586)
node,3856100103,,,Berlin Hauptbahnhof,DBUS,,Berlin Hauptbahnhof-Lehrter Bf (Stadtb),DB InfraGO AG,station,station,BLS,1,,8011160,yes,Q1097,de:Berlin Hauptbahnhof,,realtime,no,Hauptbahnhof der Bundesdeutschen Hauptstadt Berlin,,,yes,Berlin Hauptbahnhof,,,,yes,,,,,,,,,,,,,,,,,,,,,,,,,,,,Lehrter Bahnhof,https://www.bahnhof.de/berlin-hauptbahnhof,,5,,Berlin Hbf,,,,ベルリン中央駅,,,,,,,,محطة برلين المركزيه,Hauptbahnhof der Bundesdeutschen Hauptstadt Berlin,Hauptbahnhof der Bundesdeutschen Hauptstadt Berlin,"Estación principal de la capital alemana, Berlín",Gare principale de la capitale allemande Berlin,ドイツの首都ベルリンの主要駅,Hoofdstation van de Duitse hoofdstad Berlijn,Главный вокзал столицы Германии Берлина,QPP,Берлін-Цэнтральны,Berlin Hauptbahnhof,Κεντρικός σταθμός Βερολίνου,Berlin Central Station,Estación central de Berlín,Gare centrale de Berlin,Berlini főpályaudvar,Stazione centrale di Berlino,Berlijn Centraal Station,,,,,,,,,,,,,POINT (13.3696614 52.5249451)
node,3856100108,,,Hauptbahnhof,,,,Berliner Verkehrsbetriebe,station,station,,,subway,,yes,,,,,,,,,,,,,2009-08-09,,yes,,,,,,BVG,,,,,public,,,,,,,,,,,,,,,,,,,-3,,,,,,,,,,,,,,,,,,,,,,,,,,,,,,,,yes,,,,,,,,,,,,POINT (13.3701242 52.5252819)
node,3856551765,,,Britz-Süd,,,,,station,station,,,subway,,yes,Q571845,de:U-Bahnhof Britz-Süd,,,,,,,,,,,,,yes,,,,,,,,,,,,,,,,,,,,,,,,,,,,,,,,,,,,,,,,,,,,,,,,,,,,,,,,,,,,,,,,,,,,,,,,,,POINT (13.4481868 52.4377918)
node,3856551767,,,Johannisthaler Chaussee,,,,,station,station,,,subway,,yes,Q638553,de:U-Bahnhof Johannisthaler Chaussee,,,,,,,,,,,,,yes,,,,,,,,2022-07-29,,,,,,,,,,,,,,,,,,,,,,,,,,,,,,,,,,,,,,,,,,,,,,,,,,,,,,,,,,,,,,,,,,POINT (13.4533376 52.4293213)
node,3856551769,,,Lipschitzallee,,,,,station,station,,,subway,,yes,Q571467,de:U-Bahnhof Lipschitzallee,,,,,,,,,,,,,yes,,,,,,,,,,,,,,,,,,,,,,,,,,,,,,,,,,,,,,,,,,,,,,,,,,,,,,,,,,,,,,,,,,,,,,,,,,POINT (13.4626984 52.4246425)
node,3856551771,,,Rudow,,,,,station,station,,,subway,,yes,Q660024,de:U-Bahnhof Rudow,,,,,,,,,,,,,yes,,,,,,,,,,,,,,,,,,,,,,,,,,,,,,,,,,,,,,,,,,,,,,,,,,,,,,,,,,,,,,,,,,,,,,,,,,POINT (13.4953978 52.41617)
node,3856551777,,,Zwickauer Damm,,,,,station,station,,,subway,,yes,Q572096,de:U-Bahnhof Zwickauer Damm,,,,,,,,,,,,,yes,,,,,,,,,,,,,,,,,,,,,,,,,,,,,,,,,,,,,,,,,,,,,,,,,,,,,,,,,,,,,,,,,,,,,,,,,,POINT (13.4839403 52.4233803)
node,3858390219,http://www.s-bahn-berlin.de/fahrplanundnetz/bahnhof/lichtenrade/98,yes,Lichtenrade,Verkehrsverbund Berlin-Brandenburg,VBB,Berlin-Lichtenrade,DB Netz AG,station,station,BLRD,5,light_rail,8089070,yes,Q6543354,de:Bahnhof Berlin-Lichtenrade,+49 30 297 43333,,,,,,,Berlin-Lichtenrade,,,,,,,,,,,,,,,,,,,,,,,,,,,,,,,,,,,,,,,,,,,,,,,,,,,,,,,,,,,,,,,,,,,,,,,,,,,,,,,POINT (13.3964496 52.3869393)
node,3858579923,,,Afrikanische Straße,,,,,station,station,,,subway,,yes,Q559239,de:U-Bahnhof Afrikanische Straße,,,,,,,,,,,,,yes,,,,,,,,,,,indoor,,,,,,,,,,,,,,,,,,,,,,,,,,,,,,,,,,,,,,,,,,,,,,,,,,,,,,,,,,,,,,,POINT (13.3346178 52.5602382)
node,3858818979,,,Kurt-Schumacher-Platz,,,,,station,station,,,subway,,yes,Q555916,de:U-Bahnhof Kurt-Schumacher-Platz,,,,,,,,,,,,,yes,,,,,,,,,,,indoor,,,,,,,,,,,,,,,,,,,,,,,,,,,,,,,,,,,,,,,,,,,,,,,,,,,,,,,,,,,,,,,POINT (13.327129 52.5632274)
node,3858932763,,,Scharnweberstraße,,,,,station,station,,,subway,,yes,Q557586,de:U-Bahnhof Scharnweberstraße,,,,,,,,,,,,,yes,,,,,,,,2022-11-05,,,outdoor,,,,,,,,,,,,,,,,,,,,,,,,,,,,,,,,,,,,,,,,,,,,,,,,,,,,,,,,,,,,,,,POINT (13.3126219 52.5668172)
node,3859009452,,,Otisstraße,,,,,station,station,,,subway,,yes,Q557582,,,,,,,,,,,,1958-05-31,,yes,,,,,,,,,,,outdoor,,,,,,,,,,,,,,,,,,,,,,,,,,,,,4,lda,,09012223,,,,,,,,,,,,,,,,,,,,Seidelstraße (Flugplatz Tegel),Seidelstraße (Flughafen Tegel),Seidelstraße,,,,,,,,,POINT (13.3029254 52.5710338)
node,3859032226,,,Holzhauser Straße,,,,,station,station,,,subway,,no,Q557566,de:U-Bahnhof Holzhauser Straße,,,,,,,,,,,,,yes,,,,,,,,2022-05-09,,,,,,,,,,,,,,,,,,,,,,,,,,,,,,,,,,,,,,,,,,,,,,,,,,,,,,,,,,,,,,,,,,POINT (13.2961132 52.575692)
node,3862380796,,,Borsigwerke,,,,,station,station,,,subway,,no,Q525185,de:U-Bahnhof Borsigwerke,,,,,,,,,,,,,yes,,,,,,,,,,,indoor,,,,,,,,,,,,,,,,,,,,,,,,,,,,,,,,,,,,,,,,,,,,,,,,,,,,,,,,,,,,,,,POINT (13.2905918 52.5818407)
node,3862767512,,,Brandenburger Tor,,,,,station,station,,,subway,,yes,Q477185,de:Bahnhof Berlin Brandenburger Tor,,,,,,,,,,,2009-08-09,,yes,,,,,,,,,-3,,,,,,,,,,,,,,,,,,,,,,,,,,,,,,,,,,,,,,,,,,,,,,,,,,,,,,,,,,,,,,,,,POINT (13.3809897 52.5166047)
node,3865616067,,,Neukölln,,,,,station,station,,,subway,,yes,Q21272767,de:Bahnhof Berlin-Neukölln,,,,,,,,,,,,,yes,,,,yes,Sparkasse,,,,-2,,,,,,,,,,,,,,,,,,,,,-2,,,,,,,,,,,,,,,,,,,,,,,,,,,,,,,,,,,,indoor,,,,,,,,POINT (13.4418203 52.4685956)
node,3866864060,http://www.s-bahn-berlin.de/fahrplanundnetz/bahnhof/kaulsdorf/89,yes,Kaulsdorf,Verkehrsverbund Berlin-Brandenburg,VBB,Berlin-Kaulsdorf S-Bahn,DB Netz AG,station,station,BKAD,4,light_rail,8089068,yes,Q800478,de:Bahnhof Berlin-Kaulsdorf,+49 30 297 43333,timetable,,,,,,,,,,,,,,,,,,,,,no,,,,,,,,,,,,,,,,,,,,,,,,,,,,,,,,,,,,,,,,,,,,,,,,,,,,,,,,,,,,,,,,POINT (13.5901922 52.5121351)
node,3867910440,,,Weinmeisterstraße,,,,,station,station,,,subway,,no,Q661876,de:U-Bahnhof Weinmeisterstraße,,,,,,,,,,,,,yes,,,,,,,,,,,,,,,,,,,,,,,,,,,,,,,,,,10119,,,,,,,,,,,,,,,,,,,,,,,,,,,,,,,,,,,,,,,,POINT (13.4050194 52.5254666)
node,3869306763,http://www.s-bahn-berlin.de/fahrplanundnetz/bahnhof/friedrichstrasse/59,yes,S Friedrichstraße,Verkehrsverbund Berlin-Brandenburg,VBB,Berlin Friedrichstraße (Stadtb) S-Bahn,DB Netz AG,station,station,BFST,2,light_rail,8011306,yes,Q702402,de:Bahnhof Berlin Friedrichstraße,,,,,,,,,,,,,,,,,,,,,,3,,,,,,,,,,,,,,,,,,,,,,,,,,,,,,,,,,,,,,,,,,,,,,,,,,,,,,,,,,,,,,,,,POINT (13.3868236 52.5204967)
node,3869306768,,,U Friedrichstraße,,,,,station,station,,,subway,,yes,Q3753274,de:Bahnhof Berlin Friedrichstraße,,,,,,,,,,,,,yes,,,,,,,,,-2,,,,,,,,,,,,,,,,,,,,,-2,,,,,,,,,,,,,,,,,,,,,,,,,,,,,,,,,,,,,,,,,,,,POINT (13.3882862 52.5202635)
node,3870475231,,,Mohrenstraße,,,,,station,station,,,subway,,yes,Q658391,de:U-Bahnhof Mohrenstraße,,,,,,,,,,,,,yes,,,,,,,,,,,,,,,,,,,,,,,,,,,,,,,,,,,,,,,,,,,,,,,,,,,,,,,,,,,,,,,,,,,,,,,,,,POINT (13.3850915 52.5117915)
node,3870914569,,,Warschauer Straße,,,,,station,station,,,subway,,yes,Q664036,de:Bahnhof Berlin Warschauer Straße,,,,,,,,,,,,,yes,,,,,,,,,,wlan,,no,,,,,,,,,,,,,,,,,,,,,,,,,,,,,,,,,,,,,,,,,,,,Warschauer Straße Station,,,,,,,,,,,,,,,,,,POINT (13.4490065 52.505014)
node,3872477458,,,Krumme Lanke,,,,Berliner Verkehrsbetriebe,station,station,,,subway,,yes,Q663945,de:U-Bahnhof Krumme Lanke,,,,,,,,,,,1929-12-22,,yes,,,,,,BVG,,,,wlan,,no,,,,,,,,,https://fahrinfo.bvg.de/barrierefrei/bin/stboard.bin/dn?ld=0.1&L=vs_bf&seqnr=3&ident=kf.054771.1341593343&time=22:50&input=9715305&start=1&view=STATIONINFO&,,,,,,,,,,,,,,,,,,,,,,,,,,,,,,,,,,,,,,,,,,,,,,,,,,,,,POINT (13.2413921 52.4434481)
node,3872632789,http://www.s-bahn-berlin.de/fahrplanundnetz/bahnhof/landsberger-allee/93,yes,Landsberger Allee,Verkehrsverbund Berlin-Brandenburg,VBB,Berlin Landsberger Allee,DB InfraGO AG,station,station,BLST,4,light_rail,8089020,yes,Q800507,de:Bahnhof Berlin Landsberger Allee,,,,,,Q315451,yes,,,,,,,,,,,,,,,,no,indoor,,BGSS,,,,,3511,,,,,camera,,,,,,,,,,,,,,,,,,,,,,,,,,,,,,,,,,,,,,,,,,,,,,,,,,,POINT (13.4547803 52.529482)
node,3874806029,http://www.s-bahn-berlin.de/fahrplanundnetz/bahnhof/friedenau/12,yes,Friedenau,Verkehrsverbund Berlin-Brandenburg,VBB,Berlin-Friedenau,DB Netz AG,station,station,BFRU,4,light_rail,8089058,yes,Q800471,de:Bahnhof Berlin-Friedenau,,,,,,,,,,,,,,,,,,,,,,,,,,BSGR,,,,,,,,,,,,,,,,,,,,,,,,,,,,,,,,,,,,,,,,,,,,,,,,,,,,,,,,,,,,,POINT (13.3415003 52.4707164)
node,3875882001,,,Görlitzer Bahnhof,Verkehrsverbund Berlin-Brandenburg,VBB,,Berliner Verkehrsbetriebe,station,station,,,subway,,no,Q597759,de:U-Bahnhof Görlitzer Bahnhof,,,,,,Q315451,,,,,,,yes,,,,,,BVG,Q99633,,,,indoor,,,,,,,,,+49 30 19 44 9,https://www.bvg.de/index.php/de/3729/name/U-Bahnlinie+U1/area/89395.html,,,,,,,,,,,,,,,ゲルリッツァー駅,,,,,,,,,,,,,,,,,,,,,,,,,,,,,,,,,,,,,,POINT (13.4280355 52.4992628)
node,3876077784,,,Klosterstraße,,,,,station,station,,,subway,,yes,Q657893,de:U-Bahnhof Klosterstraße,,,,,,,,,,,,,yes,,,,,,,,,,,,,,,,,,,,,,,,,,,,,,,,,,,,,,,,,,,,,,,,,,,,,,,,,,,,,,,,,,,,,,,,,,POINT (13.4124323 52.5172347)
node,3876218098,,,Schillingstraße,,,,,station,station,,,subway,,yes,Q552899,de:U-Bahnhof Schillingstraße,,,,,,,,,,,,,yes,,,,,,,,,,,indoor,,,,,,,,,,,,,,,,,,,,,,,,,,,,,,,,,,,,,,,,,,,,,,,,,,,,,,,,,,,,,,,POINT (13.4211125 52.52079)
node,3876349058,,,Frankfurter Tor,,,,,station,station,,,subway,,yes,Q568627,de:U-Bahnhof Frankfurter Tor,,,,,,,,,,,,,yes,,,,,,,,,,,indoor,,,,,,,,,,,,,,,,,,,,,,,,,,,,,,,,,,,,,,,,,,,,,,,,,,,,,,,,,,,,,,,POINT (13.4539745 52.515818)
node,3876481637,,,Schlesisches Tor,,,,,station,station,,,subway,,yes,Q602282,de:U-Bahnhof Schlesisches Tor,,,,,,,,,,,,,yes,,,,,,,,,,wlan,,,,,,,,,,,,,,,,,,,,,,,,,,,,,,,,,,,,,,,,,,,,,,,,,,,,,,,,,,,,,,,,POINT (13.4414625 52.5008341)
node,3876909305,http://www.s-bahn-berlin.de/fahrplanundnetz/bahnhof/westhafen/158,yes,Westhafen,Verkehrsverbund Berlin-Brandenburg,VBB,Berlin Westhafen (S-Bahn),DB Netz AG,station,station,BWH,4,light_rail,8089116,no,Q465972,de:Bahnhof Berlin Westhafen,+49 30 297 43333,,,,,Q315451,yes,Berlin Westhafen,,Die S-Bahn-Station hat keine Weichen und ist daher ein Haltepunkt.,,,,,,,,,,,2022-07-11,,,,,,,,,,,,,,Category:Bahnhof Berlin Westhafen,,,,,,,,,,,,,,,,,,,,,,,,,,,,,,,,,,,,,,,,,,,,,,,,,,,,POINT (13.3444152 52.5362768)
node,3876909306,,,Westhafen,,,,,station,station,,,subway,,yes,Q465972,de:Bahnhof Berlin Westhafen,,,,,,,,,,,,,yes,,,,,,,,,,,,,,,,,,,,,,,,,,,,,,,,,,,,,,,,,,,,,,,,,,,,,,,,,,,,,,,,,,,,,,,,,,POINT (13.3425741 52.536735)
node,3881590700,,,Prinzenstraße,,,,,station,station,,,subway,,limited,Q689797,de:U-Bahnhof Prinzenstraße,,,,,,,,,,,,,yes,,,,,,,,,,,,,,,,,,,,,,,,,Aufzug nur in Richtung Warschauer Straße,,,,,,,,,,,,,,,,,,,,,,,,,,,,,,,,,,,,,,,,,,,,,,,,,POINT (13.40591 52.4983972)
node,3884823930,,,Alt-Mariendorf,,,,,station,station,,,subway,,no,Q262168,de:U-Bahnhof Alt-Mariendorf,,,,,,,,,,,,,yes,,,,,,,,,,,,,,,,,,,,,,,,,,,,,,,,,,,,,,,,,,,,,,,,,,,,,,,,,,,,,,,,,,,,,,,,,,POINT (13.3875138 52.4396754)
node,3887567777,,,Platz der Luftbrücke,,,,Berliner Verkehrbetriebe,station,station,,,subway,,no,Q553146,de:U-Bahnhof Platz der Luftbrücke,,,,,,,,,,,,,yes,,,,,,,,,,,,,,,,,,,,,,,,,,,Kreuzberg,,,,,,,,,,,,,,,,,,,,,,,,,,,,,,,,,,,,,,,,Historischer Bahnhofsname 1926-1937,Schriftzug innerhalb der Fliesen der Tunnelwand des Bahnhof;abgedeckt durch Plexiglass o.ä.;Abdeckung trägt die in description hinterlegten Angaben,,,,,,POINT (13.3859508 52.4860843)
node,3894910680,,,Paracelsus-Bad,,,,,station,station,,,subway,,yes,Q557562,de:U-Bahnhof Paracelsus-Bad,,,,,,,,,,,,,yes,,,,,,,,,,,,,,,,,,,,,,,,,,,,,,,,,,,,,,,,,,,,,,,,,,,,,,,,,,,,,,,,,,,,,,,,,,POINT (13.348511 52.5742433)
node,3895051317,,,Residenzstraße,,,,,station,station,,,subway,,no,Q557513,de:U-Bahnhof Residenzstraße,,,,,,,,,,,,,yes,,,,yes,Bankhaus Lenz,,,,,,,,,,,,,,,,,,,,,,,,,,,,,,,,,,,,,,,,,,,,,,,,,,,,,,,,,,,,,,,,,,,,,POINT (13.3604739 52.5711895)
node,3895235324,,,Franz-Neumann-Platz,,,,,station,station,,,subway,,no,Q555992,de:U-Bahnhof Franz-Neumann-Platz,,,,,,,,,,,,,yes,,,,,,,,,,,,,,,,,,,,,,,,,,,,,,,,,,,,,,,,,,,,,,,,,,,,,,,,,,,,,,,,,,,,,,,,,,POINT (13.3639236 52.5645392)
node,3896342607,http://www.s-bahn-berlin.de/fahrplanundnetz/bahnhof/wollankstrasse/165,yes,Wollankstraße,Verkehrsverbund Berlin-Brandenburg,VBB,Berlin Wollankstraße,DB Netz AG,station,station,BWOK,4,light_rail,8089048,yes,Q800515,de:Bahnhof Berlin Wollankstraße,+49 30 297 43333,realtime,no,S Wollankstraße,,,,,,,,no,,,,,,,,,,,,,,,,,,,,,,,,,,"11.05.2018: Aufzug defekt, kein Reparaturtermin",,Pankow Nordbahn,,,,,,,,,,,,,,,,,,,,,,,,,,,,,,,,,,,,,,,,,,,,,,,POINT (13.3923627 52.5651525)
node,3896661775,,,Vinetastraße,Verkehrsverbund Berlin-Brandenburg,VBB,,Berliner Verkehrsbetriebe,station,station,,,subway,,yes,Q570906,de:U-Bahnhof Vinetastraße,,,,,,Q315451,,,,,,,yes,,,,,,BVG,Q99633,,,,,,,,,,,,,,,,,,,,,,,,,,,,,,,,,,,,,,,,,,,,,,,,,,,,,,,,,,,,,,,,,,,POINT (13.413278 52.5593248)
node,3898068655,,,Kaiserin-Augusta-Straße,,,,,station,station,,,subway,,yes,Q559226,de:U-Bahnhof Kaiserin-Augusta-Straße,,,,,,,,,,,,,yes,,,,,,,,,,,,,,,,,,,,,,,,,,,,,,,,,,,,,,,,,,,,,,,,,,,,,,,,,,,,,,,,,,,,,,,,,,POINT (13.3846346 52.4599764)
node,3898404805,,,Westphalweg,,,,,station,station,,,subway,,no,Q554481,de:U-Bahnhof Westphalweg,,,,,,,,,,,,,yes,,,,,,,,,,,,,,,,,,,,,,,,,,,,,,,,,,,,,2,,,,,,,,,,,,,,,,,,,,,,,,,,,,,,,,,,,,,POINT (13.3856905 52.4462674)
node,3900136339,,,Kottbusser Tor,,,,,station,station,,,subway,,yes,Q819768,de:U-Bahnhof Kottbusser Tor,,,,,,,,,,,,no,yes,,,,,,,,,,,indoor,,,,,,,,,,,,,,,,,,,-2,,,,,,コットブッサートーア,2,,,,,,,,,,,,,,,,,,,,,,,,,,,,,,,,,,,,,POINT (13.4183107 52.4989853)
node,3900580952,,,Sophie-Charlotte-Platz,,,,,station,station,,,subway,,yes,Q657879,de:U-Bahnhof Sophie-Charlotte-Platz,,,,,,,,,,,,no,yes,,,,,,,,,,,,,,,,,,,,,,,,,,,,,,,,,,,,,,,,,,,,,,,,,,,,,,,,,,,,,,,,,,,,,,,,,,POINT (13.2963306 52.5109137)
node,3901824902,,,Nollendorfplatz,,,,,station,station,,,subway,,yes,Q571039,de:U-Bahnhof Nollendorfplatz,,,,,,,,,,,,no,yes,,,,,,,,,,,outdoor,,,,,,,,,,,,,,,,,,,,,,,,,,,,,,,,,,,,,,,,,,,,,,,,,,,,,,,,,,,,,,,POINT (13.3537297 52.4995972)
node,3904674211,,,Spittelmarkt,,,,,station,station,,,subway,,yes,Q569489,de:U-Bahnhof Spittelmarkt,,,,,,,,,,,,,yes,,,,,,,,,,,,,,,,,,,,,,,,,,,,,,,,,,,,,,,,,,,,,,,,,,,,,,,,,,,,,,,,,,,,,,,,,,POINT (13.4041155 52.5112959)
node,3906622702,,,Kurfürstenstraße,,,,,station,station,,,subway,,no,Q690203,de:U-Bahnhof Kurfürstenstraße,,,,,,,,,,,,,yes,,,,,,,,,,,,,,,,,,,,,,,,,,,,,,,,,,,,,,,,,,,,,,,,,,,,,,,,,,,,,,,,,,,,,,,,,,POINT (13.3619411 52.4999599)
node,3906729688,,,Schwartzkopffstraße,,,,,station,station,,,subway,,yes,Q554360,de:U-Bahnhof Schwartzkopffstraße,,realtime,no,,,,,,,,,,yes,,,,,,,,,,,indoor,,,,,,,,,,,,,,Fahrstuhl,,,,,,,,,,,,,,,,,,,,,,,,,,,,,,,,,,,,,,,,,,,,,,,,,POINT (13.377318 52.5351574)
node,3908141014,http://www.s-bahn-berlin.de/fahrplanundnetz/bahnhof/alexanderplatz/26,yes,Alexanderplatz,Verkehrsverbund Berlin-Brandenburg,VBB,Berlin Alexanderplatz S-Bahn,DB Netz AG,station,station,BALX,3,light_rail,8089001,yes,Q698497,de:Bahnhof Berlin Alexanderplatz,,,,,,,,,,,,yes,,,,,,,,,,,wlan,,,,,,,,,,,,,,,,,,,,,,,,,,,,,,,,,,,,,,,,,,,,,,,,,,,,,,,,,,,,,,,,POINT (13.4112804 52.5215661)
node,3916325095,,,Senefelderplatz,Verkehrsverbund Berlin-Brandenburg,VBB,,Berliner Verkehrsbetriebe,station,station,,,subway,,no,Q32661454,de:U-Bahnhof Senefelderplatz,,,,,,Q315451,yes,,,,,,yes,,,,,,BVG,Q99633,,,,,,,,,,,,,,,,,,,,,,,,,,,,,,,,,,,,,,,,,,,,,,,,,,,,,,,,,,,,,,,,,,,POINT (13.4126861 52.5323899)
node,3918542874,,,Konstanzer Straße,,,,,station,station,,,subway,,no,Q571019,de:U-Bahnhof Konstanzer Straße,,,,,,,,,,,,,yes,,,,,,,,,,,indoor,,,,,,,,,,,,,,,,,,,,,,,,,,,,,,,,,,,,,,,,,,,,,,,,,,,,,,,,,,,,,,,POINT (13.3090745 52.4945315)
node,3918711741,,,Karl-Marx-Straße,,,,,station,station,,,subway,,yes,Q519494,de:U-Bahnhof Karl-Marx-Straße,,,,,,,,,,,,,yes,,,,,,,,,,,,,,,,,,,,,,,,,,,,,,,,,,,,,,,,,,,,,,,,,,,,,,,,,,,,,,,,,,,,,,,,,,POINT (13.4393375 52.4762696)
node,3928759793,,,Oranienburger Tor,,,,,station,station,,,subway,,yes,Q571485,de:U-Bahnhof Oranienburger Tor,,,,,,,,,,,,,yes,,,,,,,,,,,,,,,,,,,,,,,,,,,,,,,,,,,,,,,,,,,,,,,,,,,,,,,,,,,,,,,,,,,,,,,,,,POINT (13.3873583 52.5255998)
node,3931919580,,,Adenauerplatz,,,,,station,station,,,subway,,yes,Q570939,de:U-Bahnhof Adenauerplatz,,,,,,,,,,,,,yes,,,,,,,,,,,indoor,,,,,,,,,,,,,,,,,,,,,,,,,,,,,,,,,,,,,,,,,,,,,,,,,,,,,,,,,,,,,,,POINT (13.3073226 52.5000028)
node,3933477396,,,Cottbusser Platz,,,,,station,station,,,subway,,yes,Q557547,de:U-Bahnhof Cottbusser Platz,,,,,,,,,,,,no,yes,,,,,,,,,,,indoor,,,,,,,,,,,,,,,,,,,,,,,,,,,,,,,,,,,,,,,,,,,,,,,,,,,,,,,,,,,,,,,POINT (13.5964015 52.5338331)
node,3933477399,,,Kaulsdorf-Nord,,,,,station,station,,,subway,,yes,Q553140,de:U-Bahnhof Kaulsdorf-Nord,,,,,,,,,,,,,yes,,,,,,,,,,,indoor,,,,,,,,,,,,,,,,Albert-Norden-Straße,,,,,,,,,,,,,,,,,,,,,,,,,,,,,,,,,,,,,,,,,,,,,,,POINT (13.5889176 52.5211535)
node,3933477401,,,Magdalenenstraße,,,,,station,station,,,subway,,yes,Q473901,de:U-Bahnhof Magdalenenstraße,,,,,,,,,,,,,yes,,,,,,,,,,,indoor,,,,,,,,,,,,,,,,,,,,,,,,,,,,,,,,,,,,,,,,,,,,,,,,,,,,,,,,,,BVG Wi-Fi,,,,,POINT (13.4870792 52.5124541)
node,3933477404,,,Kienberg (Gärten der Welt),,,,,station,station,,,subway,,yes,Q556003,de:U-Bahnhof Neue Grottkauer Straße,,,,,,,,,,,,,yes,,,,,,,,,,,indoor,,,,,,,,,,,,,,,,U Neue Grottkauer Straße,,,,,,,,,,,,,,,,,,,,,,,,,,,,,,,,,,,,,,,,,,,,,,,POINT (13.5906369 52.5286152)
node,3933566460,,,Nauener Platz,,,,,station,station,,,subway,,yes,Q555986,de:U-Bahnhof Nauener Platz,,,,,,,,,,,,,yes,,,U9,,,,,,,,,,,,,,,,,,,,,,,,,,,,,,,,,,,,,,,,,,,,,,,,,,,,,,,,,,,,,,,,,,,,,,,POINT (13.3671696 52.5514056)
node,3933855820,,,Mendelssohn-Bartholdy-Park,,,,,station,station,,,subway,,yes,Q658405,de:U-Bahnhof Mendelssohn-Bartholdy-Park,,,,,,,,,,,,,yes,,,,,,,,,,,,,,,,,,,,,,,,,,,,,,,,,,,,,,,,,,,,,,,,,,,,,,,,,,,,,,,,,,,,,,,,,,POINT (13.3748605 52.503724)
node,3933855823,,,Möckernbrücke,,,,,station,station,,,subway,,no,Q704716,de:U-Bahnhof Möckernbrücke,,,,,,,,,U Möckernbrücke,,,,yes,,,,,,,,,,,,,,,,,,,,,,,,,,,,,,,,,,,,,,,,,,,,,,,,,,,,,,,,,,,,,,,,,,,,,,,,,,POINT (13.383123 52.4986927)
node,3933855829,,,Pankstraße,,,,,station,station,,,subway,,no,Q571380,de:U-Bahnhof Pankstraße,,,,,,,,,,,,,yes,,,,,,,,,,yes,,,,,,,,,,,,,,,,,,,,,,,,,,,,,,,,,,,,,,,,,,,,,,,,,,,,,,,,,,,,,,,,POINT (13.3814583 52.5522617)
node,3935369912,,,Samariterstraße,,,,,station,station,,,subway,,yes,Q552891,de:U-Bahnhof Samariterstraße,,,,,,,,,,,,no,yes,,,,,,,,,,,indoor,,,,,,,,,,,,,,,,,,,,,,,,,,,,,,,,,,,,,,,,,,,,,,,,,,,,,,,,,,,,,,,POINT (13.4644405 52.5147399)
node,3935470812,,,Hönow,,,,,station,station,,,subway,,yes,Q550317,de:U-Bahnhof Hönow,,,,,,,,,,,,,yes,,,,,,,,,,,indoor,,,,,,,,,,,,,,,,,,,,,,,,,,,,,,,,,,,,,,,,,,,,,,,,,,,,,,,,,,,,,,,POINT (13.633123 52.5384335)
node,3936632576,,,Ahrensfelde,Verkehrsverbund Berlin-Brandenburg,,,DB Netz AG;DB Station&Service AG,station,station,BAHR,4,,8011003,yes,Q800363,de:Bahnhof Ahrensfelde,,,,,,,yes,,,,,,,,,,,,,,,,,,,,,,,,28,,,,,,,,,,,,,,,,,,,,,,,,,,,,,,,,,,,,,,,,,,,,,,,,,,,,,,,,POINT (13.5653023 52.5714452)
node,3936632939,http://www.s-bahn-berlin.de/fahrplanundnetz/bahnhof/ahrensfelde/25,yes,Ahrensfelde,Verkehrsverbund Berlin-Brandenburg,VBB,Ahrensfelde S-Bahn,DB Station&Service AG,station,station,BAF,4,light_rail,8011003,yes,Q800363,de:Bahnhof Ahrensfelde,+49 30 297 43333,,,,,,,,,,,,,,,,,,,,,,,,,,,,,,28,,,,,,,,,,,,,,,,,,,,,,,,,,,,,,,,,,,,,,,,,,,,,,,,,,,,,,,,POINT (13.5656581 52.5713397)
node,3946122064,,,Bülowstraße,,,,,station,station,,,subway,,yes,Q374881,de:U-Bahnhof Bülowstraße,,,,,,,,,,http://www.bvg.de/de/Fahrinfo/Verkehrsmeldungen/Verkehrsmeldung-Detail?id=6898,,,yes,,,,,,,,,,,outdoor,,,,,,,,,,,,,,,,,,,,,,,,,,,,,,,,,,,,,,,,,,,,,,,,,,,,,,,,,,,,,,,POINT (13.3632209 52.4975858)
node,3947836158,,,Hausvogteiplatz,,,,,station,station,,,subway,,no,Q656523,de:U-Bahnhof Hausvogteiplatz,,,,,,,,,,,,,yes,,,,,,,,,,,,,,,,,,,,,,,,,,,,,,,,,,,,,,,,,,,,,,,,,,,,,,,,,,,,,,,,,,,,,,,,,,POINT (13.395591 52.5133502)
node,3948690912,,,Alt-Tempelhof,,,,,station,station,,,subway,,no,Q559212,de:U-Bahnhof Alt-Tempelhof,,,,,,,,,,,,,yes,,,,,,,,,,,,,,,,,,,,,,,,,,,,,,,,,,,,,,,,,,,,,,,,,,,,,,,,,,,,,,,,,,,,,,,,,,POINT (13.3856299 52.4655217)
node,3948690916,,,Ullsteinstraße,,,,,station,station,,,subway,,yes,Q637870,de:U-Bahnhof Ullsteinstraße,,realtime,,,,,,,,,,,yes,,,,,,,,,,,,,,,,,,,,,,,,,,,,,,,,,,,,,2,,,,,,,,,,,,,,,,,,,,,,,,,,,,,,,,,,,,,POINT (13.3844659 52.4537449)
node,3949521962,,,Mehringdamm,,,,,station,station,,,subway,,yes,Q657905,de:U-Bahnhof Mehringdamm,,,,,,,,,,,,,yes,,,,,,,,,,wlan,,,,,,,,,,,,,,,,,,,,,,,,,,,2,,,,,,,,,,,,,,,,,,,,,,,,,,,,,,,,,,,,,POINT (13.3886168 52.4941308)
node,3949521963,,,Paradestraße,,,,,station,station,,,subway,,yes,Q557543,de:U-Bahnhof Paradestraße,,,,,,,,,,,,,yes,,,,,,,,,,,,,,,,,,,,,,,,,,,,,,,,,,,,,,,,,,,,,,,,,,,,,,,,,,,,,,,,,,,,,,,,,,POINT (13.3862561 52.4780189)
node,3950105985,,,Lichtenberg,,,,,station,station,,,subway,,yes,,,,,,,,,,,,,,,yes,,,,,,,,,-2,yes,indoor,,,,,,,,,,,,,,,,,,,,,,,,,,,,,,,,,,,,,,,,,,,,,,,,,,,,,,,,,,BVG Wi-Fi,,,,,POINT (13.4986022 52.5111151)
node,3955368088,,,Onkel Toms Hütte,,,,,station,station,,,subway,,yes,Q389214,de:U-Bahnhof Onkel Toms Hütte,,realtime,no,,,,,,,,,,yes,,,,,,,,,,wlan,,no,,,,,,,,,,,,,,,,,,,,,,,,,,,,,,,,,,,,,,,,,,,,,,,,,,,,,,,,,,,,,,POINT (13.2530752 52.4498912)
node,3955368093,,,Oskar-Helene-Heim,,,,,station,station,,,subway,,yes,Q681336,de:U-Bahnhof Oskar-Helene-Heim,,realtime,no,,,,,,,,,no,yes,,,,,,,,,,,,,,,,,,,,,,,,,,,,,,,,,,,,,,,,,,,,,,,,,,,,,,,,,,,,,,,,,,,,,,,,,,POINT (13.2690711 52.4503608)
node,3955368095,,,Freie Universität (Thielplatz),,,,,station,station,,,subway,,yes,Q571331,de:U-Bahnhof Thielplatz,,,,,,,,,,,,,yes,,,,,,,,2022-11-06,,,,,,,,,,,,,,,,,,,U Thielplatz,,,,,,,,,,,,,,,,,,,,,,,,,,,,,,,,,,,,,,,,,,,,,,,POINT (13.281744 52.4510388)
node,3957757603,,,Uhlandstraße,,,,,station,station,,,subway,,no,Q568224,de:U-Bahnhof Uhlandstraße (Berlin),,,,,,,,,,,1913-10-12,,yes,,,,,,,,,,,,,,,,,,,,,,,,,,,,,,,,,,,,,,,,,,,,,,,,,,,,,,,,,,,,,,,,,,,,,,,,,,POINT (13.3266968 52.5028118)
node,3957757604,,,Wittenbergplatz,,,,,station,station,,,subway,,limited,Q692727,de:U-Bahnhof Wittenbergplatz,,,,,,,,,,,,,yes,,,,yes,,,,,,,,,,,,,,,,,,,,,,,,,,,,,,,,,,,,,,,,,,,,,,,,,,,,,,,,,,,,,,,,,,,,,,POINT (13.3430005 52.5017976)
node,3957897529,,,Hansaplatz,,,,,station,station,,,subway,,yes,Q287552,de:U-Bahnhof Hansaplatz,,,,,,,,,,,,no,yes,,,U9,,,,,,,,,,,,,,,,,,,,,,,,,,,,,,,,,,,,,,,,,,,,,,,,,,,,,,,,,,,,,,,,,,,,,,,POINT (13.3420365 52.518008)
node,3959201657,,,Birkenstraße,,,,,station,station,,,subway,,yes,Q555998,de:U-Bahnhof Birkenstraße,,,,,,,,,,,,no,yes,,,U9,,,,,,,,,,,,,,,,,,,,,,,,,,,,,,,,,,,,,,,,,,,,,,,,,,,,,,,,,,,,,,,,,,,,,,,POINT (13.3413533 52.5323818)
node,3959389239,,,Blaschkoallee,,,,,station,station,,,subway,,yes,Q666911,de:U-Bahnhof Blaschkoallee,,,,,,,,,,,,,yes,,,,,,,,,,,,,,,,,,,,,,,,,,,,,,,,,,,,,,,,,,,,,,,,,,,,,,,,,,,,,,,,,,,,,,,,,,POINT (13.4492022 52.4520801)
node,3959653399,,,Blissestraße,,,,,station,station,,,subway,,no,Q571397,de:U-Bahnhof Blissestraße,,,,,,,,,,,,,yes,,,,,,,,,,,,,,,,,,,,,,,,,,,,,,,,,,,,,,,,,,,,,,,,,,,,,,,,,,,,,,,,,,,,,,,,,,POINT (13.3205449 52.4864895)
node,3959895235,,,Breitenbachplatz,,,,,station,station,,,subway,,yes,Q571339,de:U-Bahnhof Breitenbachplatz,,,,,,,,,,,,,yes,,,,,,,,,,,,,,,,,,,,,,,,,,,,,,,,,,,,,,,,,,,,,,,,,,,,,,,,,,,,,,,,,,,,,,,,,,POINT (13.3088711 52.4670266)
node,3961281931,http://www.s-bahn-berlin.de/fahrplanundnetz/bahnhof/zehlendorf/6,yes,Zehlendorf,Verkehrsverbund Berlin-Brandenburg,VBB,Berlin-Zehlendorf,DB Station&Service AG,station,station,BZD,4,light_rail,8089098,yes,Q737962,de:Bahnhof Berlin-Zehlendorf,,,,,,,,,,,,,,,,,,,,,,1,,,,,,,,,,,,,,,,,,,,,1,,,,,,,,,,,,,,,,,,,,,,,,,,,,,,,,,,,,,,,,,,,,POINT (13.2585888 52.4310735)
node,3983548303,,,Osloer Straße,,,,,station,station,,,subway,,yes,Q662217,de:U-Bahnhof Osloer Straße,,,,,,,,,,,,,yes,,,,,,,,,,,,,,,,,,,,,,,,,,,,,,,,,,,,,,,,,,,,,,,,,,,,,,,,,,,,,,,,,,,,,,,,,,POINT (13.3732715 52.5571597)
node,3995738144,http://www.s-bahn-berlin.de/fahrplanundnetz/bahnhof/lichtenberg/97,yes,Lichtenberg,Verkehrsverbund Berlin-Brandenburg,VBB,Berlin-Lichtenberg S-Bahn,DB Netz AG,station,station,BLI,2,light_rail,8010036,yes,Q634247,de:Bahnhof Berlin-Lichtenberg,,realtime,no,,,,,,,,,,,,,,,,,,,,wlan,,,,,,,,,,,,,,,,,,,,,,,,,,,,,,,,,,,,,,,,,,,,,,,,,,,,,,,,,,,,,,,,POINT (13.4978129 52.5102343)
node,4011129259,http://www.s-bahn-berlin.de/fahrplanundnetz/bahnhof/lichterfelde-sued/21,yes,Lichterfelde Süd,Verkehrsverbund Berlin-Brandenburg,VBB,Berlin-Lichterfelde Süd,DB Netz AG,station,station,BLIS,5,light_rail,8089472,yes,Q800482,de:Bahnhof Berlin-Lichterfelde Süd,+49 30 297 43333,,,,,,,,,,,,,,,,,,,,,,,,,,,,,,,,,,,,,,,,,,,,,,,,,,,,,,,,,,,,,,,,,,,,,,,,,,,,,,,,,,,,,,POINT (13.3085527 52.4099669)
node,4011336129,http://www.s-bahn-berlin.de/fahrplanundnetz/bahnhof/suedende/148,yes,Südende,Verkehrsverbund Berlin-Brandenburg,VBB,Berlin Südende,DB Netz AG,station,station,BSDE,5,light_rail,8089115,yes,Q800511,de:Bahnhof Berlin-Südende,+49 30 297 43333,,,,,,,,,,,no,,,,,,,,,,,,,,BPRS,,,,,,,,,,,,,,,,,,,,,,,,,,,,,,,,,,,,,,,,,,,,,,,,,,,,,,,,,,,,,POINT (13.3537492 52.448279)
node,4012502919,http://www.s-bahn-berlin.de/fahrplanundnetz/bahnhof/rahnsdorf/127,yes,Rahnsdorf,Verkehrsverbund Berlin-Brandenburg,VBB,Berlin-Rahnsdorf,DB Netz AG,station,station,BRD,5,light_rail,8089082,yes,Q800489,de:Bahnhof Berlin-Rahnsdorf,,,,,,,,,,,,,,,,,,,,,,,,,,,,,,,,,,,,,,,,,,,,,,,,,,,,,,,,,,,,,,,,,,,,,,,,,,,,,,,,,,,,,,,POINT (13.6899776 52.4516372)
node,4012713682,http://www.s-bahn-berlin.de/fahrplanundnetz/bahnhof/priesterweg/126,yes,Priesterweg,Verkehrsverbund Berlin-Brandenburg,VBB,Berlin Priesterweg,DB Netz AG,station,station,BPRS,4,light_rail,8089034,yes,Q800508,de:Bahnhof Berlin Priesterweg,,,,,,,,,,,,,,,,,,,,,,,,,,,,,,,,,,,,,,,,,,,,,,,,,,,,,,,,,,,,,,,,,,,,,,,,,,,,,,,,,,,,,,,POINT (13.356253 52.4599231)
node,4027945653,http://www.s-bahn-berlin.de/fahrplanundnetz/bahnhof/buch/46,yes,Buch,Verkehrsverbund Berlin-Brandenburg,VBB,Berlin-Buch,DB Netz AG,station,station,BBU,4,light_rail,8089057,yes,Q4892359,de:Bahnhof Berlin-Buch,+49 30 297 43333,,,,,,,,,,,,,,,,,,,,,,,,,,,,,,,,,,,,,,,,,,,,,,,,,,,,,,,,,,,,,,,,,,,,,,,,,,,,,,,,,,,,,,POINT (13.4916378 52.6358345)
node,4071360788,http://www.s-bahn-berlin.de/fahrplanundnetz/bahnhof/springpfuhl/141,yes,Springpfuhl,Verkehrsverbund Berlin-Brandenburg,VBB,Berlin Springpfuhl,DB Netz AG,station,station,BSPH,4,light_rail,8089040,yes,Q320263,de:Bahnhof Berlin Springpfuhl,+49 30 297 43333,,,,,,,,,,,,,,,,,,,,,,,,,,,,,,,,,,,,,,,,,,,,,,,,,,,,,,,,,,,,,,,,,,,,,,,,,,yes,,,,,,,,yes,,,,POINT (13.5365518 52.52704)
node,4208739688,http://www.s-bahn-berlin.de/fahrplanundnetz/bahnhof/spandau/139,yes,Spandau,Verkehrsverbund Berlin-Brandenburg,VBB,Berlin-Spandau S-Bahn,DB Station&Service AG,station,station,BSPA,2,light_rail,8010404,yes,Q654980,de:Bahnhof Berlin-Spandau,,,,,S5,,,Berlin-Spandau,,,,yes,,,,,,,,,2022-10-09,,,,,,,,,,,,,,,,,,,Spandau-West,,,,,,,,,,,,,,,,,,,,,,,,,,,,,,,,,,,,,,,,,,,,,,,POINT (13.1974528 52.5347721)
node,4213705914,,,Bundestag,,,,Berliner Verkehrsbetriebe,station,station,,,subway,,yes,Q694848,de:U-Bahnhof Bundestag,,,,,,,no,,,,2009-08-09,yes,yes,,,,,,BVG,,,-2,,public,,,,,,,,,,,,,,,,,,,-3,,,,,,,,,,,,,,,,,,,,,,,,,,,,,,,,yes,,,,,,,,,,,,POINT (13.3729545 52.5201123)
node,4440948591,,,Turmstraße,,,,,station,station,,,subway,,yes,Q571400,de:U-Bahnhof Turmstraße,,,,,,,,,,,,,yes,,,U9,,,,,2022-08-15,,,,,,,,,,,,,,,,,,,,,,,,,,,,,,,,,,,,,,,,,,,,,,,,,,,,,,,,,,,,,,,,,,POINT (13.3412971 52.5261489)
node,4512633105,,,Siemensdamm,,,,,station,station,,,subway,,yes,Q663264,de:U-Bahnhof Siemensdamm,,,,,,,,,,,,,yes,,,,,,,,,,,indoor,,,,,,,,,,,,,,,,,,,,,,U-Bhf Siemensdamm,,,,,,,,,,,,,,,,,,,,,,,,,,,,,,,,,,,,,,,,,POINT (13.2727638 52.5367748)
node,4598319045,,,Tierpark,,,,,station,station,,,subway,,yes,Q570954,de:U-Bahnhof Tierpark,,,,,,,,,,,,,yes,,,,,,,,,,wlan,indoor,,,,,,,,,,,,camera,,,,,,,,,,,,,,,,,,,,,,,,,,,,,,,,,,,,,,,,,,,,,,,,,,,POINT (13.5229595 52.4977241)
node,4598414751,,,Alexanderplatz,,,,,station,station,,,subway,,yes,,,,,,,,,,,,,,,yes,,,,,,,,2022-09-26,-5,,indoor,,,,,,,,,,,,,,,,,,,-5,,,,,,アレクサンダー広場,,,,,,,,,,,,,,,,,,,,,,,,,,,,,,,,,,,U 알렉산더광장(역),,,POINT (13.4139082 52.5215849)
node,4644994619,,,Jungfernheide,,,,,station,station,,,subway,,yes,,,,,,,,,,,,,,,yes,,,,,,,,,,,indoor,,,,,,,,,,,,,,,,,,,,,,,,,ユングフェルンハイデ,,,,,,,,,,,,,,,,,,,,,,,,,,,,,,,,,,,,,,POINT (13.3006301 52.5307879)
node,4744165580,,,Berlin Ostkreuz (Stadtbahn-F),,,,DB InfraGO AG,station,station,BOKR,3,,,yes,Q660045,de:Bahnhof Berlin Ostkreuz,,realtime,no,,,,yes,Berlin Ostkreuz,,Bitte die 5 Nodes mit uic_ref in Bezug auf das Eisenbahn-Tagging so lassen und auch die Position nicht verändern. Die beiden Stadtbahn-Nodes BOKS und BOKR werden gerendert.,,,,,,,,,,,,,,,,BHF,,,,,4809,,,,Category:Bahnhof Berlin Ostkreuz,,,,,,,,,,,,,,,,,,,,,,,,,,,,,,,,,,,,,,,,,,,,,,,,,,,,POINT (13.4694146 52.5028181)
node,4746086763,,,Berlin Ostkreuz (Ringbahn-F),Verkehrsverbund Berlin-Brandenburg,VBB,Berlin Ostkreuz (Ringbahn-F),DB InfraGO AG,station,station,BOKN,3,,,yes,Q660045,de:Bahnhof Berlin Ostkreuz,,,,,,Q315451,yes,Berlin Ostkreuz,,Bitte die 5 Nodes mit uic_ref in Bezug auf das Eisenbahn-Tagging so lassen und auch die Position nicht verändern. Die beiden Stadtbahn-Nodes BOKS und BOKR werden gerendert.,,,,,,,,,,,,,,,,,,,,,4809,,,,,,,,,,,,,Bf,,,,,,,,,,,,,,,,,,,,,,,,,,,,,,,,,,,,,,,,,,,POINT (13.4696738 52.5028779)
node,4788379933,,,Louis-Lewin-Straße,,,,,station,station,,,subway,,limited,Q557558,de:U-Bahnhof Louis-Lewin-Straße,,,,,,,,,,,,,yes,,,,,,,,,,wlan,indoor,,,Berlin,,12627,,,,,,,,,,,,,,,,,,,,,,,,,,,,,,,,,,,,,,,,,,,,,,,,,,,,,,,,,,POINT (13.6183463 52.538977)
node,4788379937,,,Hellersdorf,,,,,station,station,,,subway,,no,Q571676,de:U-Bahnhof Hellersdorf,,,,,,,,,,,,,yes,,,,,,,,,,,indoor,,,,,,,,,,,,,,,,,,,,,,,,,,,,,,,,,,,,,,,,,,,,,,,,,,,,,,,,,,,,,,,POINT (13.606672 52.5366883)
node,4940731304,,,Märkisches Museum,,,,,station,station,,,subway,,yes,Q657871,de:U-Bahnhof Märkisches Museum,,,,,,,,,,,,,yes,,,,,,,,2022-07-26,,,,,,,,,,,,,,,,,,,,,,,,,,,,,,,,,,,,,,,,,,,,,,,,,,,,,,,,,,,,,,,,,,POINT (13.4101754 52.5123348)
node,4946078136,http://www.s-bahn-berlin.de/fahrplanundnetz/bahnhof/westkreuz/159,yes,Westkreuz (Stadtbahn),Verkehrsverbund Berlin-Brandenburg,VBB,,DB Netz AG,station,station,BWKS,3,light_rail,8089047,yes,Q678125,de:Bahnhof Berlin Westkreuz,+49 30 297 43333,,,,,,,Berlin Westkreuz,,Für den Personenverkehr benutzt die Bahn in der Regel das Kürzel BWKR und nicht BWKRR oder BWKR.,,,,,,,,,,,,,,,,,,,,,,,,,,,,,,,,,,Bf,,,,,,,,,,,,,,,,,,,,,,,,,,,,,,,,,,,,,,,,,,,POINT (13.2847452 52.5010288)
node,4946078139,,,Berlin Ostkreuz (Ostbahn),,,,DB InfraGO AG,station,station,BOKO,3,,8011162,yes,Q660045,de:Bahnhof Berlin Ostkreuz,,,,,,,,Berlin Ostkreuz,,Bitte die 5 Nodes mit uic_ref in Bezug auf das Eisenbahn-Tagging so lassen und auch die Position nicht verändern. Die beiden Stadtbahn-Nodes BOKS und BOKR werden gerendert.,,,,,,,,,,,,,,,,,,,,,4809,,,,,,,,,,,,,,,,,,,,,,,,,,,,,,,,,,,,,,,,,,,,,,,,,,,,,,,,POINT (13.4697788 52.5035668)
node,4949971070,http://www.s-bahn-berlin.de/fahrplanundnetz/bahnhof/pankow/117,yes,Pankow,Verkehrsverbund Berlin-Brandenburg,VBB,Berlin-Pankow S-Bahn,DB Netz AG;DB Station&Service AG,station,station,BPKW,5,light_rail,8089080,yes,Q653775,de:Bahnhof Berlin-Pankow,+49 30 297 43333,,,,,,yes,Berlin-Pankow,,,,,,,,,,,,,,,,,,,,,,,555,,,,,,,,,,,,,,,,,,,,,,,,,,,,,,,,,,,,,,,,,,,,,,,,,,,,,,,,POINT (13.4103397 52.5662755)
node,4959163245,http://www.s-bahn-berlin.de/fahrplanundnetz/bahnhof/botanischer-garten/9,yes,Botanischer Garten,Verkehrsverbund Berlin-Brandenburg,VBB,Berlin Botanischer Garten,DB Netz AG,station,station,BBGT,4,light_rail,8089009,no,Q800498,de:Bahnhof Berlin Botanischer Garten,+49 30 297 43333,,,,,,,,,,,no,,,,,,,,,,,,,,,,,,,,,,,,,,,,,,,,,,,,,,,,,,,,,,,,,,,,,,,,,,,,,,,,,,,,,,,,,,,POINT (13.3071282 52.4479557)
node,4989868817,,,Rathaus Spandau,,,,,station,station,,,subway,,yes,Q650704,en:Rathaus Spandau (Berlin U-Bahn),,realtime,no,,,,,,,,,,yes,,,,,,,,,,,,,,,,,,,,,,,,,,,,,,,,,,,,,,,,,,,,,,,,,,,,,,,,,,,,,,,,,,,,,,,,,,POINT (13.1997742 52.5351709)
node,5099979652,,,Kleistpark,,,,,station,station,,,subway,,yes,Q571161,de:U-Bahnhof Kleistpark,,,,,,,,,,,,,yes,,,,yes,Sparkasse,,,,,,,,,,,,,,,,,,,,,,,,,,,,,,,,,,,,,,,,,,,,,,,,,,,,,,,,,,,,,,,,,,,,,POINT (13.3602198 52.4903665)
node,5116771809,,,Kochstraße/Checkpoint Charlie,,,,,station,station,,,subway,,yes,Q201849,de:U-Bahnhof Kochstraße,,,,,,,,,,,,,yes,,,,,,,,,,,,,,,,,,,,,,,,,,,,,,,,,,,,,2,,,,,,,,,,,,,,,,,,,,,,,,,,,,,,,,,,,Кохштрассе,,POINT (13.3906125 52.5060447)
node,5134482957,,,Rathaus Schöneberg,,,,Berliner Verkehrsbetriebe,station,station,,,subway,,yes,Q570926,de:U-Bahnhof Rathaus Schöneberg,,,,,,,,,,,1910-10-01,,yes,,,,,,,,,,,,,,,,,,,,,,,,,,,Stadtpark,,,,,,,,,,,,,,,,,,,,,,,,,,,,,,,,,,,,,,,,,,,,,,,POINT (13.341972 52.4831773)
node,5134716875,,,Viktoria-Luise-Platz,,,,,station,station,,,subway,,yes,Q178685,de:U-Bahnhof Viktoria-Luise-Platz,,,,,,,,,,,,,yes,,,,,,,,,-1,,,,,,,,,,,,,,,,,,,,,,,,,,,,1,,,,,,,,,,,,,,,,,,,,,,,,,,,,,,,,,,,,,POINT (13.3431855 52.4961755)
node,5149137347,,,Rüdesheimer Platz,,,,,station,station,,,subway,,yes,Q167147,de:U-Bahnhof Rüdesheimer Platz,,,,,,,,,,,,,yes,,,,,,,,,,,,,,,,,,,,,,,,,,,,,,,,,,,,,,,,,,,,,,,,,,,,,,,,,,,,,,,,,,,,,,,,,,POINT (13.314415 52.4732464)
node,5160531362,,,Podbielskiallee,,,,,station,station,,,subway,,yes,Q571324,de:U-Bahnhof Podbielskiallee,,,,,,,,,,,,,yes,,,,,,,,,,,,,,,,,,,,,,,,,,,,,,,,,,,,,,,,,,,,,,,,,,,,,,,,,,,,,,,,,,,,,,,,,,POINT (13.2957519 52.4641033)
node,5162689183,,,Augsburger Straße,,,,,station,station,,,subway,,no,Q667035,de:U-Bahnhof Augsburger Straße,,,,,,,,,,,,,yes,,,,,,,,,,,,,,,,,,,,,,,,,,,,,,,,,,,,,,,,,,,,,,,,,,,,,,,,,,,,,,,,,,,,,,,,,,POINT (13.3364644 52.5004423)
node,5162689184,,,Heidelberger Platz,,,,,station,station,,,subway,,yes,Q302810,de:Bahnhof Berlin Heidelberger Platz,,,,,,,,,,,,,yes,,,,,,,,,,,,,,,,,,,,,,,,,,,,,,,,,,,,,,,,,,,,,,,,,,,,,,,,,,,,,,,,,,,,,,,,,,POINT (13.3128835 52.4797961)
node,5162689220,,,Hohenzollernplatz,,,,,station,station,,,subway,,yes,Q571570,de:U-Bahnhof Hohenzollernplatz,,,,,,,,,,,,,yes,,,,,,,,,,,,,,,,,,,,,,,,,,,,,,,,,,,,,,,,,,,,,,,,,,,,,,,,,,,,,,,,,,,,,,,,,,POINT (13.3247547 52.4940847)
node,5162689571,,,Spichernstraße,,,,,station,station,,,subway,,yes,Q667046,de:U-Bahnhof Spichernstraße,,,,,,,,,,,,,yes,,,,yes,Sparkasse,,,,,,,,,,,,,,,,,,,,,,,,,,,,,,,,,,,,,,,,,,,,,,,,,,,,,,,,,,,,,,,,,,,,,POINT (13.3310091 52.4964453)
node,5162689572,,,Fehrbelliner Platz,,,,,station,station,,,subway,,yes,Q663245,de:U-Bahnhof Fehrbelliner Platz,,,,,,,,,,,,,yes,,,,,,,,,,,indoor,,,,,,,,,,,,,,,,,,,,,,,,,,,,,,,,,,,,,,,,,,,,,,,,,,,,,,,,,,,,,,,POINT (13.3151361 52.4905442)
node,5171026793,,,Hermannplatz,,,,,station,station,,,subway,,yes,Q658929,de:U-Bahnhof Hermannplatz,,,,,,,,,,,,,yes,,,,yes,Sparkasse,,,2022-07-28,,,,,,,,,,,,,,,,,,,,,,,,,,,,,,,,,,,,,,,,,,,,,,,,,,,,,,,,,,,,,,,,,,POINT (13.4245531 52.4862857)
node,5171026794,,,Rathaus Neukölln,,,,,station,station,,,subway,,yes,Q628770,de:U-Bahnhof Rathaus Neukölln,,,,,,,,,,,,,yes,,,,,,,,2022-07-29,,,,,,,,,,,,,,,,,,,,,,,,,,,,,,,,,,,,,,,,,,,,,,,,,,,,,,,,,,,,,,,,,,POINT (13.4341793 52.4816522)
node,5171026799,,,Parchimer Allee,,,,,station,station,,,subway,,yes,Q571855,de:U-Bahnhof Parchimer Allee,,,,,,,,,,,,,yes,,,,,,,,,,yes,,no,,,,,,,,,,,,,,,,,,,,,,,,,,,,,,,,,,,,,,,,,,,,,,,,,,,,,,,,,BVG Wi-Fi,,,,,POINT (13.4495999 52.4447743)
node,5176114547,,,Jakob-Kaiser-Platz,,,,,station,station,,,subway,,no,Q638526,de:U-Bahnhof Jakob-Kaiser-Platz,,,,,,,,,,,,,yes,,,,,,,,,,,indoor,,,,,,,,,,,,,,,,,,,,,,,,,,,,,,,,,,,,,,,,,,,,,,,,,,,,,,,,,,,,,,,POINT (13.2933009 52.5362794)
node,5176114617,,,Wilmersdorfer Straße,,,,,station,station,,,subway,,yes,Q570961,de:U-Bahnhof Wilmersdorfer Straße,,,,,,,,,,,,,yes,,,,yes,Sparkasse,,,2022-11-06,,,indoor,,,,,,,,,,,,,,,,,,,,,,,,,ヴィルマースドルファー通り,,,,,,,,,,,,,,,,,,,,,,,,,,,,,,,,,,,,,,POINT (13.3066372 52.5066749)
node,5183374155,,,Zitadelle,,,,,station,station,,,subway,,yes,Q663212,de:U-Bahnhof Zitadelle,,,,,,,,,,,,,yes,,,,,,,,,,,indoor,,,,,,,,,,,,,,,,,,,,,,,,,,,,,,,,,,,,,,,,,,,,,,,,,,,,,,,,,,,,,,,POINT (13.2175358 52.537652)
node,5183375788,,,Paulsternstraße,,,,,station,station,,,subway,,no,Q570943,de:U-Bahnhof Paulsternstraße,,,,,,,,,,,,,yes,,,,,,,,,,,indoor,,,,,,,,,,,,,,,,,,,,,,,,,,,,,,,,,,,,,,,,,,,,,,,,,,,,,,,,,,,,,,,POINT (13.2478176 52.5379819)
node,5183375797,,,Halemweg,,,,,station,station,,,subway,,no,Q571025,de:U-Bahnhof Halemweg,,,,,,,,,,,,,yes,,,,,,,,,,,indoor,,,,,,,,,,,,,,,,,,,,,,U-Bhf Halemweg,,,,,,,,,,,,,,,,,,,,,,,,,,,,,,,,,,,,,,,,,POINT (13.2861036 52.5366262)
node,5198810677,,,Reinickendorfer Straße,,,,,station,station,,,subway,,yes,Q559249,de:U-Bahnhof Reinickendorfer Straße,,realtime,no,,,,,,,,,,yes,,,,,,,,,,wlan,indoor,no,,,,,,,,,,,,,,,,,,,,,,,,,,,,,,,,,,,,,,,,,,,,,,,,,,,,,,,,,,,,,,POINT (13.3702888 52.5400429)
node,5219721336,,,Schönhauser Allee,,,,,station,station,,,subway,,yes,,,,,,,,,yes,,,,,,yes,,,,,,,,,,wlan,,,,,,,,,,,,,,,,,,,,,,,,,,,,,,,,,,,,,,,,,,,,,,,,,,,,,,,,,,,,,,,,POINT (13.4137114 52.5494885)
node,5219721338,,,Karl-Bonhoeffer-Nervenklinik,,,,,station,station,,,subway,,yes,Q475553,de:Bahnhof Berlin Karl-Bonhoeffer-Nervenklinik,,,,,,,,,,,,,yes,,,,,,,,,,,,,,,,,,,,,,,,,,,,,,,,,,,,,,,,,,,,,,,,,,,,,,,,,,,,,,,,,,,,,,,,,,POINT (13.3335031 52.5786231)
node,5219721339,,,Wittenau,,,,,station,station,,,subway,,yes,Q175212,de:Bahnhof Berlin-Wittenau (Wilhelmsruher Damm),,,,,,,,,,,,,yes,,,,,,,,,,,,,,,,,,,,,,,,,,,,,,,,,,,,,,,,,,,,,,,,,,,,,,,,,,,,,,,,,,,,,,,,,,POINT (13.3347115 52.5956412)
node,5219756617,,,Rosa-Luxemburg-Platz,,,,,station,station,,,subway,,yes,Q658790,de:U-Bahnhof Rosa-Luxemburg-Platz,,,,,,,,,,,,,yes,,,,,,,,,,,,,,,,,,,,,,,,,,,,,,,,,,,,,,,,,,,,,,,,,,,,,,,,,,,,,,,,,,,,,,,,,,POINT (13.4104868 52.5276951)
node,5219756618,,,Mierendorffplatz,,,,,station,station,,,subway,,no,Q571393,de:U-Bahnhof Mierendorffplatz,,,,,,,,,,,,yes,yes,,,,,,,,2022-11-06,,,indoor,,,,,,,,,,,,,,,,,,,,,,,,,ミーレンドルフプラッツ,,,,,,,,,,,,,,,,,,,,,,,,,,,,,,,,,,,,,,POINT (13.3047721 52.5263437)
node,5220107618,,,Pankow,,,,,station,station,,,subway,,yes,,,,,,,,,,,,,,,yes,,,,,,,,2022-11-10,,,,,,,,,,,,,,,,,,,,,,,,,,,,,,,,,,,,,,,,,,,,,,,,,,,,,,,,,,,,,,,,,,POINT (13.4117203 52.56678)
node,5220114129,,,Haselhorst,Verkehrsverbund Berlin-Brandenburg,VBB,,Berliner Verkehrsbetriebe,station,station,,,subway,,yes,Q570916,de:U-Bahnhof Haselhorst,,,,,,Q315451,,,,,,,yes,,,,,,BVG,Q99633,2022-11-05,,,indoor,,,,,,,,,,,,,,,,,,,,,,,,,,,,,,,,,,,,,,,,,,,,,,,,,,,,,,,,,,,,,,U Haselhorst (Berlin),POINT (13.2330942 52.5387183)
node,5250030091,,,Stadtmitte,,,,,station,station,,,subway,,yes,,,,,,,,,,,U Stadtmitte,,,,yes,,,,,,,,,,,,,,,,,,,,,,,,,,,,,,,,,,,,,,,,,,,,,,,,,,,,,,,,,,,,,,,,,,,,,,,,,,POINT (13.3898514 52.5106178)
node,5250030092,,,Hallesches Tor,,,,,station,station,,,subway,,yes,,de:U-Bahnhof Hallesches Tor,,,,,,,,,,,,,yes,,,,,,,,,,,,,,,,,,,,,,,,,,,,,,,,,U Hallesches Tor,,,,,,,,,,,,,,,,,,,,,,,,,,,,,,,,,,,,,,,,,POINT (13.3917126 52.4990257)
node,5250030093,,,Möckernbrücke,,,,,station,station,,,subway,,no,Q704716,,,,,,,,,,U Möckernbrücke,,,,yes,,,,,,,,,,,,,,,,,,,,,,,,,,,,,,,,,,,,,,,,,,,,,,,,,,,,,,,,,,,,,,,,,,,,,,,,,,POINT (13.3828981 52.4991179)
node,5284961126,,yes,Ostkreuz (Ringbahn),Verkehrsverbund Berlin-Brandenburg,VBB,Berlin Ostkreuz (Ringbahn-S),DB InfraGO AG,station,station,BOK,3,light_rail,8089028,yes,Q660045,de:Bahnhof Berlin Ostkreuz,,realtime,no,,,Q315451,yes,Berlin Ostkreuz (S),,Bitte die 5 Nodes mit uic_ref in Bezug auf das Eisenbahn-Tagging so lassen und auch die Position nicht verändern. Die beiden Stadtbahn-Nodes BOKS und BOKR werden gerendert.,,,,,,,,,,,,,,,,,,,,,4809,,,,,,,,,,,,,Bf,,,,,,,,,,,,,,,,,,,,,,,,,,,,,,,,,,,,,,,,,,,POINT (13.4691195 52.5029812)
node,5315601264,,,Berlin-Mahlsdorf,,,,DB Netz AG,station,station,BMHL,,,,yes,Q800484,de:Bahnhof Berlin-Mahlsdorf,,timetable,,,,,yes,,,,,,,,,,,,,,,,,,,,,,,,,,,,,,,,,,,,,,,,,,,,,,,,,,,,,,,,,,,,,,,,,,,,,,,,,,,,,,,,POINT (13.6107967 52.5118952)
node,5320311289,http://www.s-bahn-berlin.de/fahrplanundnetz/bahnhof/friedrichstrasse/59,yes,S Friedrichstraße,Verkehrsverbund Berlin-Brandenburg,VBB,,DB Netz AG,station,station,BFSTT,2,light_rail,8011306,yes,Q702402,de:Bahnhof Berlin Friedrichstraße,,,,,,,,,,,,,,,,,,,,,,-2,,indoor,,,,,,,,,,,,,,,,,,,,,,,,,,,,,,,,,,,,,,,,,,,,,,,,,,,,,,,,,,,,,,,POINT (13.3866879 52.520768)
node,5324318370,,,Bundesplatz,,,,Berliner Verkehrsbetriebe,station,station,,,subway,,yes,Q464094,de:Bahnhof Berlin Bundesplatz,,,,,,,,,,,,,yes,,,U9,,,BVG,,,,,,,,,,,,,,,,,,,,,,,,,,,,,,,,,,,,,,,,,,,,,,,,,,,,,,,,,,,,,,,,,,,,POINT (13.3285001 52.4776476)
node,5330823481,,,Rohrdamm,,,,,station,station,,,subway,,no,Q570911,de:U-Bahnhof Rohrdamm,,,,,,,,,,,,,yes,,,,,,,,,,,indoor,,,,,,,,,,,Category:U-Bahnhof Rohrdamm (Berlin),,,,,,,,,,,,,,,,,,,,,,,,,,,,,,,,,,,,,,,,,,,,,,,,,,,,POINT (13.262306 52.5369951)
node,5679382211,,,Tempelhof,,,,,station,station,,,subway,,yes,Q571405,de:Bahnhof Berlin-Tempelhof,,realtime,no,,,,,,,,,,yes,,,,,,,,,,,,,,,,,,,,,,,,,,,,,,,,,,,,,,,,,,,,,,,,,,,,,,,,,,,,,,,,,,,,,,,,,,POINT (13.385629 52.469568)
node,5713678268,,,Olympia-Stadion,,,,,station,station,,,subway,,yes,Q656441,de:U-Bahnhof Olympia-Stadion,,,,,,,,,,,,,yes,,,,,,,,2022-11-06,,,,,,,,,,,,,,,,,,,,,,,,,,,,,,,,,,,,,,,,,,,,,,,,,,,,,,,,,,,,,,,,,,POINT (13.2504479 52.5168643)
node,5713678269,,,Heinrich-Heine-Straße,,,,,station,station,,,subway,,no,Q663204,de:U-Bahnhof Heinrich-Heine-Straße,,,,,,,,,,,,,yes,,,,,,,,,,,,,,,,,,,,,,,,,,,,,,,,,,,,,,,,,,,,,,,,,,,,,,,,,,,,,,,,,,,,,,,,,,POINT (13.4160272 52.5104484)
node,5713678270,,,Eberswalder Straße,,,,,station,station,,,subway,,yes,Q571382,de:U-Bahnhof Eberswalder Straße,,,,,,,,,,,,,yes,,,,,,,,,,,,,,,,,,,,,,,,,,,U Dimitroffstraße,,,,,,,,,エベルスヴァルダー通り,,,,,,,,,,,,,,,,,,,,,,,,,,,,,,,,,,,,,,POINT (13.4121769 52.5415154)
node,5713944071,,,Bernauer Straße,,,,,station,station,,,subway,,yes,Q689293,de:U-Bahnhof Bernauer Straße,,,,,,,,,,,,,yes,,,,,,,,,,,,,,,,,,,,,,,,,,,,,,,,,,,,,,,,,,,,,,,,,,,,,,,,,,,,,,,,,,,,,,,,,,POINT (13.3966175 52.5374381)
node,5718454109,,,Alt-Tegel,,,,,station,station,,,subway,,yes,Q656090,de:U-Bahnhof Alt-Tegel,,,,,,,,,,,,,yes,,,,,,,,,,,,,,,,,,,,,,,,,,,,,,,,,,,,,,,,,,,,,,,,,,,,,,,,,,,,,,,,,,,,,,,,,,POINT (13.2837514 52.5894565)
node,5726082246,,,Altstadt Spandau,,,,,station,station,,,subway,,no,Q571402,de:U-Bahnhof Altstadt Spandau,,,,,,,,,,,,,yes,,,,,,,,2022-11-05,,,indoor,,,,,,,,,,,,,,,,,,,,,,,,,,,,,,,,,,,,,,,,,,,,,,,,,,,,,,,,,,,,,,,POINT (13.2062573 52.5388381)
node,6555763842,,,Wutzkyallee,,,,,station,station,,,subway,,yes,Q571841,de:U-Bahnhof Wutzkyallee,,,,,,,,,,,,,yes,,,,,,,,,,,,,,,,,,,,,,,,,,,,,,,,,,,,,,,,,,,,,,,,,,,,,,,,,,,,,,,,,,,,,,,,,,POINT (13.4745668 52.4233264)
node,7103322725,http://www.s-bahn-berlin.de/fahrplanundnetz/bahnhof/suedkreuz/119,yes,Südkreuz (Nord-Süd),Verkehrsverbund Berlin-Brandenburg,VBB,Berlin Südkreuz (Vorortbahn),DB Netz AG;DB Station&Service AG,station,station,BSKV,1,light_rail,,yes,,,+49 30 297 43333,realtime,no,,,,,,,,,,,,,,,,,,,,,,,,,,,,4859,,,,,,,,,,,,,,,,,,,,,,,,,,,,,,,,,,,,,,,,,,,,,,,,,,,,,,,,POINT (13.3651375 52.476214)
node,7590477149,,,Betriebswerk,,,,Berliner Parkeisenbahn,station,station,,,miniature,,no,,,,,,,,,yes,,,,,,,,,,,,,,,,,,,,,,,,,,,,,,,,,,,,,,,,,,,,,,,,,,,,,,,,,,,,,,,,,,,,,,,,,,,,,,,,POINT (13.5382582 52.4647137)
node,7590477180,,,Badesee,,,,Berliner Parkeisenbahn,station,station,,,miniature,,,,,,,,,,,yes,,,,,,,,,,,,,,,,,,,,,,,,,,,,,,,,,Pionierzentrum,,,,,,,,,,,,,,,,,,,,,,,,,,,,,,,,,,,,,,,,,,,,,,,POINT (13.5483594 52.4664295)
node,7590482488,,,Hauptbahnhof,,,,Berliner Parkeisenbahn,station,station,,,miniature,,yes,,,,,,,,,yes,,,,,,,,,,,,,,,,,,,,,,,,,,,,,,,,,"Bf. Pionierpark ""E.Thälmann""",,,,,,,,,,,,,,,,,,,,,,,,,,,,,,,,,,,,,,,,,,,,,,,POINT (13.5433115 52.4579993)
node,8170768521,,,Unter den Linden,,,,,station,station,,,subway,,yes,,,,,,,,,,,,,,,yes,,,U5;U6,,,,,,,,indoor,,,,,,,,,,,,,,,,,,,,,,,,,,,,,,,,,,,,,,,,,,,,,,,,,,,,,,,,,,,,,,,POINT (13.38882 52.5169884)
node,8170768522,,,Rotes Rathaus,,,,,station,station,,,subway,,yes,,,,,,,,,,,,,,,yes,,,,,,,,,,,indoor,,,,,,,,,,,,,,,,,,,,,,,,,,,,,,,,,,,,,,,,,,,,,,,,,,,,,,,,,,,,,,,POINT (13.4080828 52.5188425)
node,9082329700,,,Museumsinsel,,,,,station,station,,,subway,,yes,Q1459924,en:Museumsinsel (Berlin U-Bahn),,,,,,,,,,,,,yes,,,,,,,,,,,indoor,,,,,,,,,,,Category:U-Bahnhof Museumsinsel,,,,,,,,,,,,,,,,,,,,,,,,,,,,,,,,,,,,,,,,,,,,,,,,,,,,POINT (13.3988844 52.5172626)
node,11891045337,,,Wuhlheide Parkeisenbahn,,,,Berliner Parkeisenbahn,station,station,,,miniature,,yes,,,,,,,,,yes,,,,,,,,,,,,,,,,,,,,,,,,,,,,,,,,,,,,,,,,,,,,,,,,,,,,,,,,,,,,,,,,,,,,,,,,,,,,,,,,POINT (13.5538717 52.4684445)
