element,id,contact:website,light_rail,name,network,network:short,official_name,operator,public_transport,railway,railway:ref,railway:station_category,station,uic_ref,wheelchair,wikidata,wikipedia,geometry
node,21302157,http://www.s-bahn-berlin.de/fahrplanundnetz/bahnhof/tiergarten/151,yes,Tiergarten,Verkehrsverbund Berlin-Brandenburg,VBB,Berlin-Tiergarten,DB Netz AG,station,station,BTGN,4.0,light_rail,8089091.0,yes,Q572112,de:Bahnhof Berlin-Tiergarten,POINT (13.3364504 52.5143746)
node,26124376,http://www.s-bahn-berlin.de/fahrplanundnetz/bahnhof/westend/157,yes,Westend,Verkehrsverbund Berlin-Brandenburg,VBB,Berlin-Westend,DB Netz AG,station,station,BWES,4.0,light_rail,8089111.0,yes,Q323214,de:Bahnhof Berlin-Westend,POINT (13.2844201 52.5180135)
node,26603219,http://www.s-bahn-berlin.de/fahrplanundnetz/bahnhof/wannsee/1,yes,Wannsee,Verkehrsverbund Berlin-Brandenburg,VBB,Berlin-Wannsee S-Bahn,DB Netz AG,station,station,BWSS,2.0,light_rail,8010405.0,yes,Q567336,de:Bahnhof Berlin-Wannsee,POINT (13.1798077 52.4214071)
node,26943869,http://www.s-bahn-berlin.de/fahrplanundnetz/bahnhof/pichelsberg/121,yes,Pichelsberg,Verkehrsverbund Berlin-Brandenburg,VBB,Berlin Pichelsberg,DB Netz AG,station,station,BPIC,5.0,light_rail,8089331.0,yes,Q800488,de:Bahnhof Berlin Pichelsberg,POINT (13.2276304 52.5101503)
node,27215654,http://www.s-bahn-berlin.de/fahrplanundnetz/bahnhof/grunewald/67,yes,Grunewald,Verkehrsverbund Berlin-Brandenburg,VBB,Berlin-Grunewald S-Bahn,DB Station&Service AG,station,station,BGWD,4.0,light_rail,8089062.0,yes,Q457266,de:Bahnhof Berlin-Grunewald,POINT (13.2610104 52.4882479)
node,27556933,Unknown,,Berlin Zoologischer Garten,,,,DB Netz AG;DB Station&Service AG,station,station,BZOO,2.0,,8010406.0,yes,Q681785,de:Bahnhof Berlin Zoologischer Garten,POINT (13.3325608 52.5074342)
node,27586255,Unknown,,Ruhleben,,,,,station,station,,,subway,,yes,Q656401,de:U-Bahnhof Ruhleben,POINT (13.2414191 52.5256744)
node,28830281,http://www.s-bahn-berlin.de/fahrplanundnetz/bahnhof/karow/88,yes,Karow,Verkehrsverbund Berlin-Brandenburg,VBB,Berlin-Karow S-Bahn,DB Netz AG,station,station,BKRW,4.0,light_rail,8011046.0,yes,Q800480,de:Bahnhof Berlin-Karow,POINT (13.4694647 52.6152148)
node,29045595,Unknown,,Amrumer Straße,,,,,station,station,,,subway,,yes,Q557577,de:U-Bahnhof Amrumer Straße,POINT (13.3501546 52.5423332)
node,29046450,Unknown,,Zoologischer Garten,Verkehrsverbund Berlin-Brandenburg,VBB,,Berliner Verkehrsbetriebe,station,station,,,subway,,yes,,,POINT (13.3330236 52.5058669)
node,29046970,Unknown,,Kurfürstendamm,,,,,station,station,,,subway,,yes,Q663933,de:U-Bahnhof Kurfürstendamm,POINT (13.3314365 52.5038223)
node,29046976,Unknown,,Güntzelstraße,,,,,station,station,,,subway,,no,Q571563,de:U-Bahnhof Güntzelstraße,POINT (13.3310064 52.4920843)
node,29046979,Unknown,,Berliner Straße,,,,,station,station,,,subway,,yes,Q637739,de:U-Bahnhof Berliner Straße,POINT (13.3310103 52.4873298)
node,29046999,Unknown,,Friedrich-Wilhelm-Platz,,,,,station,station,,,subway,,no,Q559207,de:U-Bahnhof Friedrich-Wilhelm-Platz,POINT (13.3287301 52.4721217)
node,29047043,Unknown,,Walther-Schreiber-Platz,,,,,station,station,,,subway,,yes,Q638584,de:U-Bahnhof Walther-Schreiber-Platz,POINT (13.3282601 52.4653254)
node,29047045,Unknown,,Schloßstraße,,,,Berliner Verkehrsbetriebe,station,station,,,subway,,no,Q554474,de:U-Bahnhof Schloßstraße,POINT (13.3250946 52.461481)
node,29047047,Unknown,,Rathaus Steglitz,,,,,station,station,,,subway,,yes,Q555492,de:Bahnhof Berlin Rathaus Steglitz,POINT (13.3209344 52.4567983)
node,29070457,http://www.s-bahn-berlin.de/fahrplanundnetz/bahnhof/beusselstrasse/38,yes,Beusselstraße,Verkehrsverbund Berlin-Brandenburg,VBB,Berlin Beusselstraße,DB Netz AG,station,station,BBEU,4.0,light_rail,8089118.0,yes,Q323219,de:Bahnhof Berlin Beusselstraße,POINT (13.3293873 52.5344077)
node,29123754,Unknown,,Theodor-Heuss-Platz,,,,,station,station,,,subway,,yes,Q657857,de:U-Bahnhof Theodor-Heuss-Platz,POINT (13.2722217 52.5099869)
node,29123761,Unknown,,Neu-Westend,,,,,station,station,,,subway,,no,Q656431,de:U-Bahnhof Neu-Westend,POINT (13.2592357 52.5162154)
node,29123763,Unknown,,Deutsche Oper,,,,,station,station,,,subway,,no,Q869501,de:U-Bahnhof Deutsche Oper,POINT (13.3105328 52.511837)
node,29123764,Unknown,,Ernst-Reuter-Platz,,,,Berliner Verkehrsbetriebe,station,station,,,subway,,no,Q658361,de:U-Bahnhof Ernst-Reuter-Platz,POINT (13.3221613 52.5118853)
node,29190897,Unknown,,Lindauer Allee,,,,,station,station,,,subway,,yes,Q555939,de:U-Bahnhof Lindauer Allee,POINT (13.3384251 52.5754161)
node,29494301,Unknown,,Jannowitzbrücke,,,,,station,station,,,subway,,yes,Q1647893,de:Bahnhof Berlin Jannowitzbrücke,POINT (13.4181732 52.5153554)
node,29497638,Unknown,,Innsbrucker Platz,,,,,station,station,,,subway,,yes,Q3799011,de:Bahnhof Berlin Innsbrucker Platz,POINT (13.3436736 52.478987)
node,29803428,http://www.s-bahn-berlin.de/fahrplanundnetz/bahnhof/rummelsburg/130,yes,Rummelsburg,Verkehrsverbund Berlin-Brandenburg,VBB,Berlin-Rummelsburg (S-Bahn),DB Netz AG,station,station,BRH,4.0,light_rail,8089084.0,yes,Q15107132,de:Bahnhof Berlin-Rummelsburg (S-Bahn),POINT (13.478367 52.501288)
node,29805967,Unknown,,Berlin-Lichtenberg,Verkehrsverbund Berlin-Brandenburg,VBB,,DB Netz AG;DB Station&Service AG,station,station,BLO,2.0,,8010036.0,yes,Q634247,de:Bahnhof Berlin-Lichtenberg,POINT (13.4961404 52.5097832)
node,29833469,Unknown,,Bayerischer Platz,,,,,station,station,,,subway,,yes,Q668574,de:U-Bahnhof Bayerischer Platz,POINT (13.3405436 52.4885755)
node,29858596,http://www.s-bahn-berlin.de/fahrplanundnetz/bahnhof/marzahn/103,yes,Marzahn,Verkehrsverbund Berlin-Brandenburg,VBB,Berlin-Marzahn S-Bahn,DB Netz AG,station,station,BMAZ,4.0,light_rail,8089075.0,yes,Q800486,de:Bahnhof Berlin-Marzahn,POINT (13.5413545 52.5436548)
node,29881358,Unknown,yes,Wuhletal,Verkehrsverbund Berlin-Brandenburg,VBB,Berlin Wuhletal,DB Netz AG,station,station,BWT,,light_rail,8089049.0,yes,Q552867,de:Bahnhof Berlin Wuhletal,POINT (13.5752134 52.5126122)
node,29918297,http://www.s-bahn-berlin.de/fahrplanundnetz/bahnhof/mahlsdorf/101,yes,Mahlsdorf,Verkehrsverbund Berlin-Brandenburg,VBB,Berlin-Mahlsdorf,DB Netz AG,station,station,BMDF,4.0,light_rail,8089072.0,yes,Q800484,de:Bahnhof Berlin-Mahlsdorf,POINT (13.6104126 52.5120903)
node,30019733,http://www.s-bahn-berlin.de/fahrplanundnetz/bahnhof/rathaus-steglitz/23,yes,Rathaus Steglitz,Verkehrsverbund Berlin-Brandenburg,VBB,Berlin Rathaus Steglitz,DB Netz AG,station,station,BRST,4.0,light_rail,8089036.0,yes,Q555492,de:Bahnhof Berlin Rathaus Steglitz,POINT (13.3224998 52.4555293)
node,30688290,http://www.s-bahn-berlin.de/fahrplanundnetz/bahnhof/hohenschoenhausen/79,yes,Hohenschönhausen,Verkehrsverbund Berlin-Brandenburg,VBB,Berlin-Hohenschönhausen S-Bahn,DB Netz AG,station,station,BHH,3.0,light_rail,8011901.0,yes,Q800477,de:Bahnhof Berlin-Hohenschönhausen,POINT (13.5124988 52.5662755)
node,30688292,http://www.s-bahn-berlin.de/fahrplanundnetz/bahnhof/wartenberg/156,yes,Wartenberg,Verkehrsverbund Berlin-Brandenburg,VBB,Berlin-Wartenberg,DB Station&Service AG,station,station,BWAB,5.0,light_rail,8089093.0,yes,Q2784530,en:Wartenberg station,POINT (13.5038322 52.572982)
node,30739613,http://www.s-bahn-berlin.de/fahrplanundnetz/bahnhof/marienfelde/102,yes,Marienfelde,Verkehrsverbund Berlin-Brandenburg,VBB,Berlin-Marienfelde,DB Netz AG,station,station,BMF,5.0,light_rail,8089074.0,no,Q800485,de:Bahnhof Berlin-Marienfelde,POINT (13.3746844 52.4242122)
node,31048718,Unknown,,Hermannstraße,,,,,station,station,,,subway,,yes,Q21235258,de:Bahnhof Berlin Hermannstraße,POINT (13.4314659 52.4672622)
node,31207787,Unknown,,Bismarckstraße,,,,,station,station,,,subway,,yes,Q686132,de:U-Bahnhof Bismarckstraße,POINT (13.3052393 52.5115148)
node,31207789,Unknown,,Richard-Wagner-Platz,,,,,station,station,,,subway,,yes,Q662201,de:U-Bahnhof Richard-Wagner-Platz,POINT (13.306588 52.517387)
node,76474606,Unknown,,Eisenacher Straße,,,,,station,station,,,subway,,yes,Q571170,de:U-Bahnhof Eisenacher Straße,POINT (13.3501694 52.4895529)
node,107606908,Unknown,,Rathaus Reinickendorf,,,,,station,station,,,subway,,yes,Q554477,de:U-Bahnhof Rathaus Reinickendorf,POINT (13.3259254 52.5883733)
node,129730678,Unknown,,Südstern,,,,,station,station,,,subway,,yes,Q656081,de:U-Bahnhof Südstern,POINT (13.4076671 52.4892983)
node,174817813,Unknown,,Yorckstraße,,,,,station,station,,,subway,,yes,Q543907,de:Bahnhof Berlin Yorckstraße,POINT (13.3706891 52.4929715)
node,193661797,Unknown,,Friedrichsfelde,,,,Berliner Verkehrsbetriebe,station,station,,,subway,,yes,Q429781,de:U-Bahnhof Friedrichsfelde,POINT (13.5128387 52.5061644)
node,254087661,Unknown,,Berlin-Charlottenburg,,,,DB Station&Service AG,station,station,BCHB,3.0,,8010403.0,limited,Q702596,de:Bahnhof Berlin-Charlottenburg,POINT (13.3026447 52.5043157)
node,259845849,Unknown,,Gneisenaustraße,,,U-Bahnhof Gneisenaustraße,,station,station,,,subway,,no,Q668618,de:U-Bahnhof Gneisenaustraße,POINT (13.3958247 52.4912895)
node,261941954,http://www.s-bahn-berlin.de/fahrplanundnetz/bahnhof/treptower-park/152,yes,Treptower Park,Verkehrsverbund Berlin-Brandenburg,VBB,Berlin Treptower Park,DB Netz AG,station,station,BTP,4.0,light_rail,8089043.0,yes,Q559274,de:Bahnhof Berlin Treptower Park,POINT (13.4618296 52.4938491)
node,266962352,http://www.s-bahn-berlin.de/fahrplanundnetz/bahnhof/olympiastadion/111,yes,Olympiastadion,Verkehrsverbund Berlin-Brandenburg,VBB,Berlin Olympiastadion,DB Netz AG;DB Station&Service AG,station,station,BOLS,3.0,light_rail,8089330.0,yes,Q800506,de:Bahnhof Berlin Olympiastadion,POINT (13.242828 52.5112644)
node,267379240,Unknown,,Berlin Südkreuz,,,,DB Netz AG;DB Station&Service AG,station,station,BPAF,1.0,,,yes,Q376589,de:Bahnhof Berlin Südkreuz,POINT (13.3660396 52.4765716)
node,316021790,Unknown,,Kaiserdamm,,,,,station,station,,,subway,,yes,Q656409,de:U-Bahnhof Kaiserdamm,POINT (13.2831263 52.5100921)
node,316785013,http://www.s-bahn-berlin.de/fahrplanundnetz/bahnhof/schoenhauser-allee/135,yes,Schönhauser Allee,Verkehrsverbund Berlin-Brandenburg,VBB,Berlin Schönhauser Allee,DB Netz AG,station,station,BSAL,4.0,light_rail,8089039.0,yes,Q571403,de:Bahnhof Berlin Schönhauser Allee,POINT (13.4155955 52.549243)
node,348348641,http://www.s-bahn-berlin.de/fahrplanundnetz/bahnhof/friedrichshagen/58,yes,Friedrichshagen,Verkehrsverbund Berlin-Brandenburg,VBB,Berlin-Friedrichshagen,DB Netz AG,station,station,BFRH,4.0,light_rail,8089060.0,yes,Q800474,de:Bahnhof Berlin-Friedrichshagen,POINT (13.6232934 52.4573763)
node,353664768,http://www.s-bahn-berlin.de/fahrplanundnetz/bahnhof/wuhlheide/170,yes,Wuhlheide,Verkehrsverbund Berlin-Brandenburg,VBB,Berlin Wuhlheide (S-Bahn),DB Netz AG,station,station,BWHH,5.0,light_rail,8089097.0,yes,Q800514,de:Bahnhof Berlin Wuhlheide,POINT (13.5543359 52.4685507)
node,455501170,Unknown,,Berlin-Wannsee,,,,DB Netz AG,station,station,BWS,2.0,,8010405.0,yes,Q567336,de:Bahnhof Berlin-Wannsee,POINT (13.1800603 52.421199)
node,459277140,Unknown,,Berlin Gesundbrunnen,Verkehrsverbund Berlin-Brandenburg,,Berlin-Gesundbrunnen,DB Station&Service AG,station,station,BGS,1.0,,8011102.0,yes,Q678286,de:Bahnhof Berlin Gesundbrunnen,POINT (13.3902169 52.5486453)
node,523045806,http://www.s-bahn-berlin.de/fahrplanundnetz/bahnhof/karlshorst/87,yes,Karlshorst,Verkehrsverbund Berlin-Brandenburg,VBB,Berlin-Karlshorst S-Bahn,DB Netz AG,station,station,BKLH,3.0,light_rail,8010035.0,yes,Q464170,de:Bahnhof Berlin-Karlshorst,POINT (13.527279 52.4804671)
node,523045813,http://www.s-bahn-berlin.de/fahrplanundnetz/bahnhof/koepenick/92,yes,Köpenick,Verkehrsverbund Berlin-Brandenburg,VBB,Berlin-Köpenick S-Bahn,DB Netz AG,station,station,BKPK,4.0,light_rail,8089069.0,yes,Q800479,de:Bahnhof Berlin-Köpenick,POINT (13.5815192 52.458577)
node,530812080,Unknown,,Berlin Friedrichstraße,,,,,station,station,BFRI,2.0,,8011306.0,limited,Q702402,de:Bahnhof Berlin Friedrichstraße,POINT (13.3869884 52.5201744)
node,557830030,Unknown,,Elsterwerdaer Platz,,,,,station,station,,,subway,,yes,Q551802,de:U-Bahnhof Elsterwerdaer Platz,POINT (13.560878 52.5052929)
node,557840857,Unknown,,Biesdorf-Süd,,,,,station,station,,,subway,,yes,Q551805,de:U-Bahnhof Biesdorf-Süd,POINT (13.5465321 52.4996047)
node,614445865,http://www.s-bahn-berlin.de/fahrplanundnetz/bahnhof/wedding/175,yes,Wedding,Verkehrsverbund Berlin-Brandenburg,VBB,Berlin-Wedding (S-Bahn),DB Station&Service AG,station,station,BWED,4.0,light_rail,8089131.0,yes,Q638604,,POINT (13.3669996 52.5427866)
node,670704950,http://www.s-bahn-berlin.de/fahrplanundnetz/bahnhof/halensee/69,yes,Halensee,Verkehrsverbund Berlin-Brandenburg,VBB,Berlin-Halensee S-Bahn,DB Station&Service AG,station,station,BHAL,4.0,light_rail,8089109.0,yes,Q800476,de:Bahnhof Berlin-Halensee,POINT (13.2905555 52.4960247)
node,670801913,Unknown,yes,Ostkreuz,Verkehrsverbund Berlin-Brandenburg,VBB,Berlin Ostkreuz (S-Bahn),DB InfraGO AG,station,station,BOKS,3.0,light_rail,8089028.0,yes,Q660045,de:Bahnhof Berlin Ostkreuz,POINT (13.4695776 52.5031523)
node,1095078202,http://www.s-bahn-berlin.de/fahrplanundnetz/bahnhof/suedkreuz/119,yes,Südkreuz (Ringbahn),Verkehrsverbund Berlin-Brandenburg,VBB,Berlin Südkreuz (Ringbahn),DB Netz AG;DB Station&Service AG,station,station,BSKR,1.0,light_rail,8089073.0,yes,Q376589,de:Bahnhof Berlin Südkreuz,POINT (13.3650726 52.4759806)
node,1127966981,http://www.s-bahn-berlin.de/fahrplanundnetz/bahnhof/gesundbrunnen/62,yes,Gesundbrunnen,Verkehrsverbund Berlin-Brandenburg,VBB,Berlin-Gesundbrunnen S-Bahn,DB Station&Service AG,station,station,BGB,1.0,light_rail,8089015.0,yes,Q678286,de:Bahnhof Berlin Gesundbrunnen,POINT (13.3900758 52.5491748)
node,1351158702,http://www.s-bahn-berlin.de/fahrplanundnetz/bahnhof/zoologischer-garten/169,yes,Zoologischer Garten,Verkehrsverbund Berlin-Brandenburg,VBB,Berlin Zoologischer Garten S-Bahn,DB Netz AG;DB Station&Service AG,station,station,BZOS,2.0,light_rail,8010406.0,yes,Q681785,de:Bahnhof Berlin Zoologischer Garten,POINT (13.331868 52.5071378)
node,1390287336,http://www.s-bahn-berlin.de/fahrplanundnetz/bahnhof/feuerbachstrasse/11,yes,Feuerbachstraße,Verkehrsverbund Berlin-Brandenburg,VBB,Berlin Feuerbachstraße,DB Netz AG,station,station,BFB,5.0,light_rail,8089012.0,yes,Q800501,de:Bahnhof Berlin Feuerbachstraße,POINT (13.3326994 52.463673)
node,1498939809,Unknown,,Rosenthaler Platz,,,U-Bahnhof Rosenthaler Platz,,station,station,,,subway,,yes,Q663231,de:U-Bahnhof Rosenthaler Platz,POINT (13.4011206 52.5298999)
node,1731759740,http://www.s-bahn-berlin.de/fahrplanundnetz/bahnhof/schlachtensee/4,yes,Schlachtensee,Verkehrsverbund Berlin-Brandenburg,VBB,Berlin-Schlachtensee,DB Netz AG,station,station,BSLS,4.0,light_rail,8089085.0,yes,Q800509,de:Bahnhof Berlin-Schlachtensee,POINT (13.2154373 52.440088)
node,1870089918,Unknown,,Buckower Damm,,,,,station,station,,,miniature,,limited,,,POINT (13.4299672 52.4290685)
node,1871042745,http://www.s-bahn-berlin.de/fahrplanundnetz/bahnhof/tempelhof/150,yes,Tempelhof,Verkehrsverbund Berlin-Brandenburg,VBB,Berlin-Tempelhof S-Bahn,DB Netz AG;DB Station&Service AG,station,station,BTHF,4.0,light_rail,8089090.0,yes,Q571405,de:Bahnhof Berlin-Tempelhof,POINT (13.3844457 52.4709704)
node,1894165224,Unknown,,Kalenderplatz,,,,,station,station,,,miniature,,limited,,,POINT (13.4217208 52.4364063)
node,1947340096,http://www.s-bahn-berlin.de/fahrplanundnetz/bahnhof/nordbahnhof/109,yes,Nordbahnhof,Verkehrsverbund Berlin-Brandenburg,VBB,Berlin Nordbahnhof,DB Netz AG;DB Station&Service AG,station,station,BNB,4.0,light_rail,8089024.0,no,Q673721,de:Berlin Nordbahnhof,POINT (13.3878392 52.5322749)
node,2102139395,Unknown,,Gleisdreieck,,,,,station,station,,,subway,,yes,Q678372,de:U-Bahnhof Gleisdreieck,POINT (13.3740318 52.4995261)
node,2134525648,http://www.s-bahn-berlin.de/fahrplanundnetz/bahnhof/oranienburger-strasse/113,yes,Oranienburger Straße,Verkehrsverbund Berlin-Brandenburg,VBB,Berlin Oranienburger Straße,DB Netz AG,station,station,BORS,4.0,light_rail,8089027.0,yes,Q480249,de:Bahnhof Berlin Oranienburger Straße,POINT (13.3930145 52.5252246)
node,2459919675,Unknown,,Berlin Hauptbahnhof (tief),,,Berlin Hauptbahnhof - Lehrter Bahnhof,DB Netz AG,station,station,BL,1.0,,8098160.0,yes,Q1097,de:Berlin Hauptbahnhof,POINT (13.369861 52.5246361)
node,2461322542,Unknown,,Gesundbrunnen,,,,,station,station,,,subway,,yes,,,POINT (13.3883057 52.5488223)
node,2567991414,http://www.s-bahn-berlin.de/fahrplanundnetz/bahnhof/bornholmer-strasse/45,yes,Bornholmer Straße,Verkehrsverbund Berlin-Brandenburg,VBB,Berlin Bornholmer Straße,DB Netz AG;DB Station&Service AG,station,station,BBOS,4.0,light_rail,8089008.0,yes,Q32662318,de:Bahnhof Berlin Bornholmer Straße,POINT (13.3978451 52.5547713)
node,2568010568,http://www.s-bahn-berlin.de/fahrplanundnetz/bahnhof/alt-reinickendorf/27,yes,Alt-Reinickendorf,Verkehrsverbund Berlin-Brandenburg,VBB,Berlin Alt Reinickendorf,DB Netz AG,station,station,BARF,5.0,light_rail,8089103.0,limited,Q800496,de:Bahnhof Berlin Alt-Reinickendorf,POINT (13.3512427 52.5777843)
node,2568020195,http://www.s-bahn-berlin.de/fahrplanundnetz/bahnhof/tegel/149,yes,Tegel,Verkehrsverbund Berlin-Brandenburg,VBB,Berlin-Tegel,DB Netz AG;DB Station&Service AG,station,station,BTG,5.0,light_rail,8089089.0,yes,Q800493,de:Bahnhof Berlin-Tegel,POINT (13.2896968 52.5881913)
node,2613268560,http://www.s-bahn-berlin.de/fahrplanundnetz/bahnhof/buckower-chaussee/47,yes,Buckower Chaussee,Verkehrsverbund Berlin-Brandenburg,VBB,Berlin Buckower Chaussee,DB Netz AG,station,station,BBCH,5.0,light_rail,8089010.0,yes,Q800499,de:Bahnhof Berlin Buckower Chaussee,POINT (13.3827559 52.4105417)
node,2634929378,http://www.s-bahn-berlin.de/fahrplanundnetz/bahnhof/heiligensee/73,yes,Heiligensee,Verkehrsverbund Berlin-Brandenburg,VBB,Berlin-Heiligensee,DB Netz AG,station,station,BHLS,4.0,light_rail,8089025.0,yes,Q800475,de:Bahnhof Berlin-Heiligensee,POINT (13.229194 52.6246647)
node,2808272930,http://www.s-bahn-berlin.de/fahrplanundnetz/bahnhof/schoeneberg/13,yes,Schöneberg,Verkehrsverbund Berlin-Brandenburg,VBB,Berlin-Schöneberg (Vorortbahn),DB Netz AG;DB Station&Service AG,station,station,BSGV,4.0,light_rail,8089474.0,no,Q543855,de:Bahnhof Berlin-Schöneberg,POINT (13.3519181 52.4793491)
node,2837556546,http://www.s-bahn-berlin.de/fahrplanundnetz/bahnhof/ostbahnhof/115,yes,Ostbahnhof,Verkehrsverbund Berlin-Brandenburg,VBB,Berlin Ostbahnhof S-Bahn,DB Station&Service AG,station,station,BOSB,1.0,light_rail,8010255.0,limited,Q683239,de:Berlin Ostbahnhof,POINT (13.4351709 52.5107448)
node,2909563126,http://www.s-bahn-berlin.de/fahrplanundnetz/bahnhof/blankenburg/42,yes,Blankenburg,Verkehrsverbund Berlin-Brandenburg,VBB,Berlin-Blankenburg S-Bahn,DB Netz AG,station,station,BBLB,4.0,light_rail,8089056.0,yes,Q800469,de:Bahnhof Berlin-Blankenburg,POINT (13.4434822 52.5914655)
node,2924245392,Unknown,,Wedding,,,,,station,station,,,subway,,yes,Q638604,de:Bahnhof Berlin-Wedding,POINT (13.3650375 52.5430625)
node,2974219763,http://www.s-bahn-berlin.de/fahrplanundnetz/bahnhof/stresow/177,yes,Stresow,Verkehrsverbund Berlin-Brandenburg,VBB,Berlin-Stresow,DB Netz AG,station,station,BSRW,5.0,light_rail,8089053.0,yes,Q800491,de:Bahnhof Berlin-Stresow,POINT (13.2093454 52.5319419)
node,3092283379,http://www.s-bahn-berlin.de/fahrplanundnetz/bahnhof/frohnau/60,yes,Frohnau,Verkehrsverbund Berlin-Brandenburg,VBB,Berlin-Frohnau,DB Netz AG,station,station,BFOH,4.0,light_rail,8089061.0,yes,Q800472,de:Bahnhof Berlin-Frohnau,POINT (13.2902205 52.632409)
node,3092447211,http://www.s-bahn-berlin.de/fahrplanundnetz/bahnhof/waidmannslust/154,yes,Waidmannslust,Verkehrsverbund Berlin-Brandenburg,VBB,Berlin-Waidmannslust,DB Netz AG,station,station,BWAI,4.0,light_rail,8089092.0,yes,Q800492,de:Bahnhof Berlin-Waidmannslust,POINT (13.321194 52.6062718)
node,3101920259,Unknown,,Berlin-Spandau,,,,DB Netz AG,station,station,BSPD,2.0,,8010404.0,yes,Q654980,de:Bahnhof Berlin-Spandau,POINT (13.1956287 52.5347694)
node,3154117524,http://www.s-bahn-berlin.de/fahrplanundnetz/bahnhof/schoenholz/136,yes,Schönholz,Verkehrsverbund Berlin-Brandenburg,VBB,Berlin-Schönholz S-Bahn,DB Netz AG,station,station,BSNH,4.0,light_rail,8089087.0,yes,Q800490,de:Bahnhof Berlin-Schönholz,POINT (13.3809904 52.5715004)
node,3234856203,http://www.s-bahn-berlin.de/fahrplanundnetz/bahnhof/attilastrasse/29,yes,Attilastraße,Verkehrsverbund Berlin-Brandenburg,VBB,Berlin Attilastraße,DB Netz AG,station,station,BATS,5.0,light_rail,8089003.0,yes,Q800497,de:Bahnhof Berlin Attilastraße,POINT (13.3607503 52.4480308)
node,3352091173,Unknown,,Stadtmitte,,,,,station,station,,,subway,,yes,Q660066,de:U-Bahnhof Stadtmitte,POINT (13.3896554 52.5120808)
node,3419894993,Unknown,,Berlin Ostbahnhof,DBUS,,,DB Station&Service AG,station,station,BHF,1.0,,8010255.0,yes,Q683239,de:Berlin Ostbahnhof,POINT (13.4349112 52.5103817)
node,3508654676,http://www.s-bahn-berlin.de/fahrplanundnetz/bahnhof/altglienicke/28,yes,Altglienicke,Verkehrsverbund Berlin-Brandenburg,VBB,Berlin-Altglienicke,DB Netz AG,station,station,BAGL,5.0,light_rail,8089054.0,yes,Q4736651,de:Bahnhof Berlin-Altglienicke,POINT (13.5582554 52.4069533)
node,3508654679,http://www.s-bahn-berlin.de/fahrplanundnetz/bahnhof/gruenau/65,yes,Grünau,Verkehrsverbund Berlin-Brandenburg,VBB,Berlin-Grünau S-Bahn,DB Netz AG;DB Station&Service AG,station,station,BGAS,4.0,light_rail,8089063.0,yes,Q324777,de:Bahnhof Berlin-Grünau,POINT (13.5736378 52.4128789)
node,3508654680,http://www.s-bahn-berlin.de/fahrplanundnetz/bahnhof/schoeneweide/133,yes,Schöneweide,Verkehrsverbund Berlin-Brandenburg,VBB,Berlin-Schöneweide S-Bahn,DB Netz AG,station,station,BSW,3.0,light_rail,8089168.0,yes,Q540899,de:Bahnhof Berlin-Schöneweide,POINT (13.5097653 52.4549058)
node,3515302610,http://www.s-bahn-berlin.de/fahrplanundnetz/bahnhof/baumschulenweg/174,yes,Baumschulenweg,Verkehrsverbund Berlin-Brandenburg,VBB,Berlin-Baumschulenweg S-Bahn,DB Station&Service AG,station,station,BBMW,4.0,light_rail,8089004.0,yes,Q324336,de:Bahnhof Berlin-Baumschulenweg,POINT (13.4898621 52.4674002)
node,3515302614,http://www.s-bahn-berlin.de/fahrplanundnetz/bahnhof/neukoelln/172,yes,Neukölln,Verkehrsverbund Berlin-Brandenburg,VBB,Berlin-Neukölln S-Bahn,DB Station&Service AG,station,station,BNK,4.0,light_rail,8089077.0,yes,Q569905,de:Bahnhof Berlin-Neukölln,POINT (13.4437571 52.4695134)
node,3540720029,Unknown,,Berlin-Schöneweide,Verkehrsverbund Berlin-Brandenburg,VBB,,DB Netz AG,station,station,BSWP,3.0,,8010041.0,yes,Q540899,de:Bahnhof Berlin-Schöneweide,POINT (13.5092508 52.4548738)
node,3658970189,Unknown,yes,Warschauer Straße,Verkehrsverbund Berlin-Brandenburg,VBB,Berlin Warschauer Straße,DB Netz AG;DB Station&Service AG,station,station,BWRS,4.0,light_rail,8089045.0,yes,Q664036,de:Bahnhof Berlin Warschauer Straße,POINT (13.4501205 52.5063685)
node,3659830181,http://www.s-bahn-berlin.de/fahrplanundnetz/bahnhof/greifswalder-strasse/63,yes,Greifswalder Straße,Verkehrsverbund Berlin-Brandenburg,VBB,Berlin Greifswalder Straße S-Bahn,DB Netz AG,station,station,BGSF,4.0,light_rail,8089011.0,yes,Q439246,de:Bahnhof Berlin Greifswalder Straße,POINT (13.4389887 52.5402462)
node,3772787174,Unknown,,Seestraße,,,,,station,station,,,subway,,no,Q554391,de:U-Bahnhof Seestraße,POINT (13.3531176 52.5498029)
node,3772836700,Unknown,,Leopoldplatz,Verkehrsverbund Berlin-Brandenburg,VBB,,Berliner Verkehrsbetriebe,station,station,,,subway,,yes,Q1960809,de:U-Bahnhof Leopoldplatz,POINT (13.3591672 52.5463833)
node,3778075167,http://www.s-bahn-berlin.de/fahrplanundnetz/bahnhof/hermannstrasse/173,yes,Hermannstraße,Verkehrsverbund Berlin-Brandenburg,VBB,Berlin Hermannstraße,DB Netz AG;DB Station&Service AG,station,station,BHER,4.0,light_rail,8089105.0,yes,Q1421962,de:Bahnhof Berlin Hermannstraße,POINT (13.4312408 52.4676341)
node,3779421874,http://www.s-bahn-berlin.de/fahrplanundnetz/bahnhof/bundesplatz/48,yes,Bundesplatz,Verkehrsverbund Berlin-Brandenburg,VBB,Berlin Bundesplatz,DB Netz AG;DB Station&Service AG,station,station,BBUP,4.0,light_rail,8089107.0,yes,Q464094,de:Bahnhof Berlin Bundesplatz,POINT (13.3295474 52.477658)
node,3799307108,Unknown,,Frankfurter Allee,,,,,station,station,,,subway,,yes,Q552872,de:Bahnhof Berlin Frankfurter Allee,POINT (13.4754364 52.5136227)
node,3808290434,http://www.s-bahn-berlin.de/fahrplanundnetz/bahnhof/charlottenburg/49,yes,Charlottenburg,Verkehrsverbund Berlin-Brandenburg,VBB,Berlin-Charlottenburg S-Bahn,DB Netz AG,station,station,BCHS,3.0,light_rail,8010403.0,yes,Q702596,de:Bahnhof Berlin-Charlottenburg,POINT (13.3045162 52.5050484)
node,3820796396,Unknown,,Naturkundemuseum,,,,,station,station,,,subway,,yes,Q554399,de:U-Bahnhof Naturkundemuseum,POINT (13.3821605 52.5312724)
node,3842232853,http://www.s-bahn-berlin.de/fahrplanundnetz/bahnhof/schichauweg/132,yes,Schichauweg,Verkehrsverbund Berlin-Brandenburg,VBB,Berlin Schichauweg,DB Netz AG,station,station,BSC,5.0,light_rail,8089038.0,yes,Q3672596,de:Bahnhof Berlin Schichauweg,POINT (13.3894102 52.3985451)
node,3844356478,Unknown,,Voltastraße,,,,,station,station,,,subway,,yes,Q663308,de:U-Bahnhof Voltastraße,POINT (13.392876 52.5422898)
node,3844467019,Unknown,,Moritzplatz,Verkehrsverbund Berlin-Brandenburg,VBB,,Berliner Verkehrsbetriebe,station,station,,,subway,730889.0,no,Q374225,de:U-Bahnhof Moritzplatz,POINT (13.4107479 52.5036623)
node,3844501316,Unknown,,Schönleinstraße,,,,,station,station,,,subway,,no,Q666868,de:U-Bahnhof Schönleinstraße,POINT (13.4220572 52.4930552)
node,3846358177,http://www.s-bahn-berlin.de/fahrplanundnetz/bahnhof/lichterfelde-ost/99,yes,Lichterfelde Ost,Verkehrsverbund Berlin-Brandenburg,VBB,Berlin-Lichterfelde Ost (S-Bahn),DB Netz AG,station,station,BLIO,3.0,light_rail,8089113.0,yes,Q469743,de:Bahnhof Berlin-Lichterfelde Ost,POINT (13.3280815 52.4298633)
node,3846415853,Unknown,,Boddinstraße,,,,,station,station,,,subway,,yes,Q819495,de:U-Bahnhof Boddinstraße,POINT (13.425281 52.4801685)
node,3846471665,Unknown,,Leinestraße,,,,,station,station,,,subway,,yes,Q668563,de:U-Bahnhof Leinestraße,POINT (13.4283545 52.4729787)
node,3846589198,Unknown,,Strausberger Platz,,,,,station,station,,,subway,,yes,Q570999,de:U-Bahnhof Strausberger Platz,POINT (13.4315264 52.5180981)
node,3846748389,Unknown,,Dahlem-Dorf,,,,,station,station,,,subway,,yes,Q668585,de:U-Bahnhof Dahlem-Dorf,POINT (13.2897049 52.4574096)
node,3846755695,Unknown,,Weberwiese,,,,,station,station,,,subway,,yes,Q551768,de:U-Bahnhof Weberwiese,POINT (13.4447135 52.5167465)
node,3851450060,Unknown,,Grenzallee,,,,,station,station,,,subway,,yes,Q571836,de:U-Bahnhof Grenzallee,POINT (13.4447716 52.4628825)
node,3854167532,Unknown,,Rehberge,,,,,station,station,,,subway,,yes,Q253850,de:U-Bahnhof Rehberge,POINT (13.3409843 52.5566893)
node,3854590993,http://www.s-bahn-berlin.de/fahrplanundnetz/bahnhof/anhalter-bahnhof/15,yes,S Anhalter Bahnhof,Verkehrsverbund Berlin-Brandenburg,VBB,Berlin Anhalter Bf,DB Netz AG,station,station,BAHU,3.0,light_rail,8089002.0,yes,Q695244,de:Berlin Anhalter Bahnhof,POINT (13.3814763 52.5035788)
node,3854590996,http://www.s-bahn-berlin.de/fahrplanundnetz/bahnhof/potsdamer-platz/124,yes,Potsdamer Platz,Verkehrsverbund Berlin-Brandenburg,VBB,Berlin Potsdamer Platz (S-Bahn),DB Netz AG,station,station,BPOP,2.0,light_rail,8089032.0,limited,Q672579,de:Bahnhof Berlin Potsdamer Platz,POINT (13.3766399 52.5094035)
node,3854590997,Unknown,,Hallesches Tor,,,,,station,station,,,subway,,yes,Q658302,de:U-Bahnhof Hallesches Tor,POINT (13.3906496 52.4977596)
node,3854591000,Unknown,,U Potsdamer Platz,,,,,station,station,,,subway,,yes,Q3909578,,POINT (13.3782147 52.5091586)
node,3856100103,Unknown,,Berlin Hauptbahnhof,DBUS,,Berlin Hauptbahnhof-Lehrter Bf (Stadtb),DB InfraGO AG,station,station,BLS,1.0,,8011160.0,yes,Q1097,de:Berlin Hauptbahnhof,POINT (13.3696614 52.5249451)
node,3856100108,Unknown,,Hauptbahnhof,,,,Berliner Verkehrsbetriebe,station,station,,,subway,,yes,,,POINT (13.3701242 52.5252819)
node,3856551765,Unknown,,Britz-Süd,,,,,station,station,,,subway,,yes,Q571845,de:U-Bahnhof Britz-Süd,POINT (13.4481868 52.4377918)
node,3856551767,Unknown,,Johannisthaler Chaussee,,,,,station,station,,,subway,,yes,Q638553,de:U-Bahnhof Johannisthaler Chaussee,POINT (13.4533376 52.4293213)
node,3856551769,Unknown,,Lipschitzallee,,,,,station,station,,,subway,,yes,Q571467,de:U-Bahnhof Lipschitzallee,POINT (13.4626984 52.4246425)
node,3856551771,Unknown,,Rudow,,,,,station,station,,,subway,,yes,Q660024,de:U-Bahnhof Rudow,POINT (13.4953978 52.41617)
node,3856551777,Unknown,,Zwickauer Damm,,,,,station,station,,,subway,,yes,Q572096,de:U-Bahnhof Zwickauer Damm,POINT (13.4839403 52.4233803)
node,3858390219,http://www.s-bahn-berlin.de/fahrplanundnetz/bahnhof/lichtenrade/98,yes,Lichtenrade,Verkehrsverbund Berlin-Brandenburg,VBB,Berlin-Lichtenrade,DB Netz AG,station,station,BLRD,5.0,light_rail,8089070.0,yes,Q6543354,de:Bahnhof Berlin-Lichtenrade,POINT (13.3964496 52.3869393)
node,3858579923,Unknown,,Afrikanische Straße,,,,,station,station,,,subway,,yes,Q559239,de:U-Bahnhof Afrikanische Straße,POINT (13.3346178 52.5602382)
node,3858818979,Unknown,,Kurt-Schumacher-Platz,,,,,station,station,,,subway,,yes,Q555916,de:U-Bahnhof Kurt-Schumacher-Platz,POINT (13.327129 52.5632274)
node,3858932763,Unknown,,Scharnweberstraße,,,,,station,station,,,subway,,yes,Q557586,de:U-Bahnhof Scharnweberstraße,POINT (13.3126219 52.5668172)
node,3859009452,Unknown,,Otisstraße,,,,,station,station,,,subway,,yes,Q557582,,POINT (13.3029254 52.5710338)
node,3859032226,Unknown,,Holzhauser Straße,,,,,station,station,,,subway,,no,Q557566,de:U-Bahnhof Holzhauser Straße,POINT (13.2961132 52.575692)
node,3862380796,Unknown,,Borsigwerke,,,,,station,station,,,subway,,no,Q525185,de:U-Bahnhof Borsigwerke,POINT (13.2905918 52.5818407)
node,3862767512,Unknown,,Brandenburger Tor,,,,,station,station,,,subway,,yes,Q477185,de:Bahnhof Berlin Brandenburger Tor,POINT (13.3809897 52.5166047)
node,3865616067,Unknown,,Neukölln,,,,,station,station,,,subway,,yes,Q21272767,de:Bahnhof Berlin-Neukölln,POINT (13.4418203 52.4685956)
node,3866864060,http://www.s-bahn-berlin.de/fahrplanundnetz/bahnhof/kaulsdorf/89,yes,Kaulsdorf,Verkehrsverbund Berlin-Brandenburg,VBB,Berlin-Kaulsdorf S-Bahn,DB Netz AG,station,station,BKAD,4.0,light_rail,8089068.0,yes,Q800478,de:Bahnhof Berlin-Kaulsdorf,POINT (13.5901922 52.5121351)
node,3867910440,Unknown,,Weinmeisterstraße,,,,,station,station,,,subway,,no,Q661876,de:U-Bahnhof Weinmeisterstraße,POINT (13.4050194 52.5254666)
node,3869306763,http://www.s-bahn-berlin.de/fahrplanundnetz/bahnhof/friedrichstrasse/59,yes,S Friedrichstraße,Verkehrsverbund Berlin-Brandenburg,VBB,Berlin Friedrichstraße (Stadtb) S-Bahn,DB Netz AG,station,station,BFST,2.0,light_rail,8011306.0,yes,Q702402,de:Bahnhof Berlin Friedrichstraße,POINT (13.3868236 52.5204967)
node,3869306768,Unknown,,U Friedrichstraße,,,,,station,station,,,subway,,yes,Q3753274,de:Bahnhof Berlin Friedrichstraße,POINT (13.3882862 52.5202635)
node,3870475231,Unknown,,Mohrenstraße,,,,,station,station,,,subway,,yes,Q658391,de:U-Bahnhof Mohrenstraße,POINT (13.3850915 52.5117915)
node,3870914569,Unknown,,Warschauer Straße,,,,,station,station,,,subway,,yes,Q664036,de:Bahnhof Berlin Warschauer Straße,POINT (13.4490065 52.505014)
node,3872477458,Unknown,,Krumme Lanke,,,,Berliner Verkehrsbetriebe,station,station,,,subway,,yes,Q663945,de:U-Bahnhof Krumme Lanke,POINT (13.2413921 52.4434481)
node,3872632789,http://www.s-bahn-berlin.de/fahrplanundnetz/bahnhof/landsberger-allee/93,yes,Landsberger Allee,Verkehrsverbund Berlin-Brandenburg,VBB,Berlin Landsberger Allee,DB InfraGO AG,station,station,BLST,4.0,light_rail,8089020.0,yes,Q800507,de:Bahnhof Berlin Landsberger Allee,POINT (13.4547803 52.529482)
node,3874806029,http://www.s-bahn-berlin.de/fahrplanundnetz/bahnhof/friedenau/12,yes,Friedenau,Verkehrsverbund Berlin-Brandenburg,VBB,Berlin-Friedenau,DB Netz AG,station,station,BFRU,4.0,light_rail,8089058.0,yes,Q800471,de:Bahnhof Berlin-Friedenau,POINT (13.3415003 52.4707164)
node,3875882001,Unknown,,Görlitzer Bahnhof,Verkehrsverbund Berlin-Brandenburg,VBB,,Berliner Verkehrsbetriebe,station,station,,,subway,,no,Q597759,de:U-Bahnhof Görlitzer Bahnhof,POINT (13.4280355 52.4992628)
node,3876077784,Unknown,,Klosterstraße,,,,,station,station,,,subway,,yes,Q657893,de:U-Bahnhof Klosterstraße,POINT (13.4124323 52.5172347)
node,3876218098,Unknown,,Schillingstraße,,,,,station,station,,,subway,,yes,Q552899,de:U-Bahnhof Schillingstraße,POINT (13.4211125 52.52079)
node,3876349058,Unknown,,Frankfurter Tor,,,,,station,station,,,subway,,yes,Q568627,de:U-Bahnhof Frankfurter Tor,POINT (13.4539745 52.515818)
node,3876481637,Unknown,,Schlesisches Tor,,,,,station,station,,,subway,,yes,Q602282,de:U-Bahnhof Schlesisches Tor,POINT (13.4414625 52.5008341)
node,3876909305,http://www.s-bahn-berlin.de/fahrplanundnetz/bahnhof/westhafen/158,yes,Westhafen,Verkehrsverbund Berlin-Brandenburg,VBB,Berlin Westhafen (S-Bahn),DB Netz AG,station,station,BWH,4.0,light_rail,8089116.0,no,Q465972,de:Bahnhof Berlin Westhafen,POINT (13.3444152 52.5362768)
node,3876909306,Unknown,,Westhafen,,,,,station,station,,,subway,,yes,Q465972,de:Bahnhof Berlin Westhafen,POINT (13.3425741 52.536735)
node,3881590700,Unknown,,Prinzenstraße,,,,,station,station,,,subway,,limited,Q689797,de:U-Bahnhof Prinzenstraße,POINT (13.40591 52.4983972)
node,3884823930,Unknown,,Alt-Mariendorf,,,,,station,station,,,subway,,no,Q262168,de:U-Bahnhof Alt-Mariendorf,POINT (13.3875138 52.4396754)
node,3887567777,Unknown,,Platz der Luftbrücke,,,,Berliner Verkehrbetriebe,station,station,,,subway,,no,Q553146,de:U-Bahnhof Platz der Luftbrücke,POINT (13.3859508 52.4860843)
node,3894910680,Unknown,,Paracelsus-Bad,,,,,station,station,,,subway,,yes,Q557562,de:U-Bahnhof Paracelsus-Bad,POINT (13.348511 52.5742433)
node,3895051317,Unknown,,Residenzstraße,,,,,station,station,,,subway,,no,Q557513,de:U-Bahnhof Residenzstraße,POINT (13.3604739 52.5711895)
node,3895235324,Unknown,,Franz-Neumann-Platz,,,,,station,station,,,subway,,no,Q555992,de:U-Bahnhof Franz-Neumann-Platz,POINT (13.3639236 52.5645392)
node,3896342607,http://www.s-bahn-berlin.de/fahrplanundnetz/bahnhof/wollankstrasse/165,yes,Wollankstraße,Verkehrsverbund Berlin-Brandenburg,VBB,Berlin Wollankstraße,DB Netz AG,station,station,BWOK,4.0,light_rail,8089048.0,yes,Q800515,de:Bahnhof Berlin Wollankstraße,POINT (13.3923627 52.5651525)
node,3896661775,Unknown,,Vinetastraße,Verkehrsverbund Berlin-Brandenburg,VBB,,Berliner Verkehrsbetriebe,station,station,,,subway,,yes,Q570906,de:U-Bahnhof Vinetastraße,POINT (13.413278 52.5593248)
node,3898068655,Unknown,,Kaiserin-Augusta-Straße,,,,,station,station,,,subway,,yes,Q559226,de:U-Bahnhof Kaiserin-Augusta-Straße,POINT (13.3846346 52.4599764)
node,3898404805,Unknown,,Westphalweg,,,,,station,station,,,subway,,no,Q554481,de:U-Bahnhof Westphalweg,POINT (13.3856905 52.4462674)
node,3900136339,Unknown,,Kottbusser Tor,,,,,station,station,,,subway,,yes,Q819768,de:U-Bahnhof Kottbusser Tor,POINT (13.4183107 52.4989853)
node,3900580952,Unknown,,Sophie-Charlotte-Platz,,,,,station,station,,,subway,,yes,Q657879,de:U-Bahnhof Sophie-Charlotte-Platz,POINT (13.2963306 52.5109137)
node,3901824902,Unknown,,Nollendorfplatz,,,,,station,station,,,subway,,yes,Q571039,de:U-Bahnhof Nollendorfplatz,POINT (13.3537297 52.4995972)
node,3904674211,Unknown,,Spittelmarkt,,,,,station,station,,,subway,,yes,Q569489,de:U-Bahnhof Spittelmarkt,POINT (13.4041155 52.5112959)
node,3906622702,Unknown,,Kurfürstenstraße,,,,,station,station,,,subway,,no,Q690203,de:U-Bahnhof Kurfürstenstraße,POINT (13.3619411 52.4999599)
node,3906729688,Unknown,,Schwartzkopffstraße,,,,,station,station,,,subway,,yes,Q554360,de:U-Bahnhof Schwartzkopffstraße,POINT (13.377318 52.5351574)
node,3908141014,http://www.s-bahn-berlin.de/fahrplanundnetz/bahnhof/alexanderplatz/26,yes,Alexanderplatz,Verkehrsverbund Berlin-Brandenburg,VBB,Berlin Alexanderplatz S-Bahn,DB Netz AG,station,station,BALX,3.0,light_rail,8089001.0,yes,Q698497,de:Bahnhof Berlin Alexanderplatz,POINT (13.4112804 52.5215661)
node,3916325095,Unknown,,Senefelderplatz,Verkehrsverbund Berlin-Brandenburg,VBB,,Berliner Verkehrsbetriebe,station,station,,,subway,,no,Q32661454,de:U-Bahnhof Senefelderplatz,POINT (13.4126861 52.5323899)
node,3918542874,Unknown,,Konstanzer Straße,,,,,station,station,,,subway,,no,Q571019,de:U-Bahnhof Konstanzer Straße,POINT (13.3090745 52.4945315)
node,3918711741,Unknown,,Karl-Marx-Straße,,,,,station,station,,,subway,,yes,Q519494,de:U-Bahnhof Karl-Marx-Straße,POINT (13.4393375 52.4762696)
node,3928759793,Unknown,,Oranienburger Tor,,,,,station,station,,,subway,,yes,Q571485,de:U-Bahnhof Oranienburger Tor,POINT (13.3873583 52.5255998)
node,3931919580,Unknown,,Adenauerplatz,,,,,station,station,,,subway,,yes,Q570939,de:U-Bahnhof Adenauerplatz,POINT (13.3073226 52.5000028)
node,3933477396,Unknown,,Cottbusser Platz,,,,,station,station,,,subway,,yes,Q557547,de:U-Bahnhof Cottbusser Platz,POINT (13.5964015 52.5338331)
node,3933477399,Unknown,,Kaulsdorf-Nord,,,,,station,station,,,subway,,yes,Q553140,de:U-Bahnhof Kaulsdorf-Nord,POINT (13.5889176 52.5211535)
node,3933477401,Unknown,,Magdalenenstraße,,,,,station,station,,,subway,,yes,Q473901,de:U-Bahnhof Magdalenenstraße,POINT (13.4870792 52.5124541)
node,3933477404,Unknown,,Kienberg (Gärten der Welt),,,,,station,station,,,subway,,yes,Q556003,de:U-Bahnhof Neue Grottkauer Straße,POINT (13.5906369 52.5286152)
node,3933566460,Unknown,,Nauener Platz,,,,,station,station,,,subway,,yes,Q555986,de:U-Bahnhof Nauener Platz,POINT (13.3671696 52.5514056)
node,3933855820,Unknown,,Mendelssohn-Bartholdy-Park,,,,,station,station,,,subway,,yes,Q658405,de:U-Bahnhof Mendelssohn-Bartholdy-Park,POINT (13.3748605 52.503724)
node,3933855823,Unknown,,Möckernbrücke,,,,,station,station,,,subway,,no,Q704716,de:U-Bahnhof Möckernbrücke,POINT (13.383123 52.4986927)
node,3933855829,Unknown,,Pankstraße,,,,,station,station,,,subway,,no,Q571380,de:U-Bahnhof Pankstraße,POINT (13.3814583 52.5522617)
node,3935369912,Unknown,,Samariterstraße,,,,,station,station,,,subway,,yes,Q552891,de:U-Bahnhof Samariterstraße,POINT (13.4644405 52.5147399)
node,3935470812,Unknown,,Hönow,,,,,station,station,,,subway,,yes,Q550317,de:U-Bahnhof Hönow,POINT (13.633123 52.5384335)
node,3936632576,Unknown,,Ahrensfelde,Verkehrsverbund Berlin-Brandenburg,,,DB Netz AG;DB Station&Service AG,station,station,BAHR,4.0,,8011003.0,yes,Q800363,de:Bahnhof Ahrensfelde,POINT (13.5653023 52.5714452)
node,3936632939,http://www.s-bahn-berlin.de/fahrplanundnetz/bahnhof/ahrensfelde/25,yes,Ahrensfelde,Verkehrsverbund Berlin-Brandenburg,VBB,Ahrensfelde S-Bahn,DB Station&Service AG,station,station,BAF,4.0,light_rail,8011003.0,yes,Q800363,de:Bahnhof Ahrensfelde,POINT (13.5656581 52.5713397)
node,3946122064,Unknown,,Bülowstraße,,,,,station,station,,,subway,,yes,Q374881,de:U-Bahnhof Bülowstraße,POINT (13.3632209 52.4975858)
node,3947836158,Unknown,,Hausvogteiplatz,,,,,station,station,,,subway,,no,Q656523,de:U-Bahnhof Hausvogteiplatz,POINT (13.395591 52.5133502)
node,3948690912,Unknown,,Alt-Tempelhof,,,,,station,station,,,subway,,no,Q559212,de:U-Bahnhof Alt-Tempelhof,POINT (13.3856299 52.4655217)
node,3948690916,Unknown,,Ullsteinstraße,,,,,station,station,,,subway,,yes,Q637870,de:U-Bahnhof Ullsteinstraße,POINT (13.3844659 52.4537449)
node,3949521962,Unknown,,Mehringdamm,,,,,station,station,,,subway,,yes,Q657905,de:U-Bahnhof Mehringdamm,POINT (13.3886168 52.4941308)
node,3949521963,Unknown,,Paradestraße,,,,,station,station,,,subway,,yes,Q557543,de:U-Bahnhof Paradestraße,POINT (13.3862561 52.4780189)
node,3950105985,Unknown,,Lichtenberg,,,,,station,station,,,subway,,yes,,,POINT (13.4986022 52.5111151)
node,3955368088,Unknown,,Onkel Toms Hütte,,,,,station,station,,,subway,,yes,Q389214,de:U-Bahnhof Onkel Toms Hütte,POINT (13.2530752 52.4498912)
node,3955368093,Unknown,,Oskar-Helene-Heim,,,,,station,station,,,subway,,yes,Q681336,de:U-Bahnhof Oskar-Helene-Heim,POINT (13.2690711 52.4503608)
node,3955368095,Unknown,,Freie Universität (Thielplatz),,,,,station,station,,,subway,,yes,Q571331,de:U-Bahnhof Thielplatz,POINT (13.281744 52.4510388)
node,3957757603,Unknown,,Uhlandstraße,,,,,station,station,,,subway,,no,Q568224,de:U-Bahnhof Uhlandstraße (Berlin),POINT (13.3266968 52.5028118)
node,3957757604,Unknown,,Wittenbergplatz,,,,,station,station,,,subway,,limited,Q692727,de:U-Bahnhof Wittenbergplatz,POINT (13.3430005 52.5017976)
node,3957897529,Unknown,,Hansaplatz,,,,,station,station,,,subway,,yes,Q287552,de:U-Bahnhof Hansaplatz,POINT (13.3420365 52.518008)
node,3959201657,Unknown,,Birkenstraße,,,,,station,station,,,subway,,yes,Q555998,de:U-Bahnhof Birkenstraße,POINT (13.3413533 52.5323818)
node,3959389239,Unknown,,Blaschkoallee,,,,,station,station,,,subway,,yes,Q666911,de:U-Bahnhof Blaschkoallee,POINT (13.4492022 52.4520801)
node,3959653399,Unknown,,Blissestraße,,,,,station,station,,,subway,,no,Q571397,de:U-Bahnhof Blissestraße,POINT (13.3205449 52.4864895)
node,3959895235,Unknown,,Breitenbachplatz,,,,,station,station,,,subway,,yes,Q571339,de:U-Bahnhof Breitenbachplatz,POINT (13.3088711 52.4670266)
node,3961281931,http://www.s-bahn-berlin.de/fahrplanundnetz/bahnhof/zehlendorf/6,yes,Zehlendorf,Verkehrsverbund Berlin-Brandenburg,VBB,Berlin-Zehlendorf,DB Station&Service AG,station,station,BZD,4.0,light_rail,8089098.0,yes,Q737962,de:Bahnhof Berlin-Zehlendorf,POINT (13.2585888 52.4310735)
node,3983548303,Unknown,,Osloer Straße,,,,,station,station,,,subway,,yes,Q662217,de:U-Bahnhof Osloer Straße,POINT (13.3732715 52.5571597)
node,3995738144,http://www.s-bahn-berlin.de/fahrplanundnetz/bahnhof/lichtenberg/97,yes,Lichtenberg,Verkehrsverbund Berlin-Brandenburg,VBB,Berlin-Lichtenberg S-Bahn,DB Netz AG,station,station,BLI,2.0,light_rail,8010036.0,yes,Q634247,de:Bahnhof Berlin-Lichtenberg,POINT (13.4978129 52.5102343)
node,4011129259,http://www.s-bahn-berlin.de/fahrplanundnetz/bahnhof/lichterfelde-sued/21,yes,Lichterfelde Süd,Verkehrsverbund Berlin-Brandenburg,VBB,Berlin-Lichterfelde Süd,DB Netz AG,station,station,BLIS,5.0,light_rail,8089472.0,yes,Q800482,de:Bahnhof Berlin-Lichterfelde Süd,POINT (13.3085527 52.4099669)
node,4011336129,http://www.s-bahn-berlin.de/fahrplanundnetz/bahnhof/suedende/148,yes,Südende,Verkehrsverbund Berlin-Brandenburg,VBB,Berlin Südende,DB Netz AG,station,station,BSDE,5.0,light_rail,8089115.0,yes,Q800511,de:Bahnhof Berlin-Südende,POINT (13.3537492 52.448279)
node,4012502919,http://www.s-bahn-berlin.de/fahrplanundnetz/bahnhof/rahnsdorf/127,yes,Rahnsdorf,Verkehrsverbund Berlin-Brandenburg,VBB,Berlin-Rahnsdorf,DB Netz AG,station,station,BRD,5.0,light_rail,8089082.0,yes,Q800489,de:Bahnhof Berlin-Rahnsdorf,POINT (13.6899776 52.4516372)
node,4012713682,http://www.s-bahn-berlin.de/fahrplanundnetz/bahnhof/priesterweg/126,yes,Priesterweg,Verkehrsverbund Berlin-Brandenburg,VBB,Berlin Priesterweg,DB Netz AG,station,station,BPRS,4.0,light_rail,8089034.0,yes,Q800508,de:Bahnhof Berlin Priesterweg,POINT (13.356253 52.4599231)
node,4027945653,http://www.s-bahn-berlin.de/fahrplanundnetz/bahnhof/buch/46,yes,Buch,Verkehrsverbund Berlin-Brandenburg,VBB,Berlin-Buch,DB Netz AG,station,station,BBU,4.0,light_rail,8089057.0,yes,Q4892359,de:Bahnhof Berlin-Buch,POINT (13.4916378 52.6358345)
node,4071360788,http://www.s-bahn-berlin.de/fahrplanundnetz/bahnhof/springpfuhl/141,yes,Springpfuhl,Verkehrsverbund Berlin-Brandenburg,VBB,Berlin Springpfuhl,DB Netz AG,station,station,BSPH,4.0,light_rail,8089040.0,yes,Q320263,de:Bahnhof Berlin Springpfuhl,POINT (13.5365518 52.52704)
node,4208739688,http://www.s-bahn-berlin.de/fahrplanundnetz/bahnhof/spandau/139,yes,Spandau,Verkehrsverbund Berlin-Brandenburg,VBB,Berlin-Spandau S-Bahn,DB Station&Service AG,station,station,BSPA,2.0,light_rail,8010404.0,yes,Q654980,de:Bahnhof Berlin-Spandau,POINT (13.1974528 52.5347721)
node,4213705914,Unknown,,Bundestag,,,,Berliner Verkehrsbetriebe,station,station,,,subway,,yes,Q694848,de:U-Bahnhof Bundestag,POINT (13.3729545 52.5201123)
node,4440948591,Unknown,,Turmstraße,,,,,station,station,,,subway,,yes,Q571400,de:U-Bahnhof Turmstraße,POINT (13.3412971 52.5261489)
node,4512633105,Unknown,,Siemensdamm,,,,,station,station,,,subway,,yes,Q663264,de:U-Bahnhof Siemensdamm,POINT (13.2727638 52.5367748)
node,4598319045,Unknown,,Tierpark,,,,,station,station,,,subway,,yes,Q570954,de:U-Bahnhof Tierpark,POINT (13.5229595 52.4977241)
node,4598414751,Unknown,,Alexanderplatz,,,,,station,station,,,subway,,yes,,,POINT (13.4139082 52.5215849)
node,4644994619,Unknown,,Jungfernheide,,,,,station,station,,,subway,,yes,,,POINT (13.3006301 52.5307879)
node,4744165580,Unknown,,Berlin Ostkreuz (Stadtbahn-F),,,,DB InfraGO AG,station,station,BOKR,3.0,,,yes,Q660045,de:Bahnhof Berlin Ostkreuz,POINT (13.4694146 52.5028181)
node,4746086763,Unknown,,Berlin Ostkreuz (Ringbahn-F),Verkehrsverbund Berlin-Brandenburg,VBB,Berlin Ostkreuz (Ringbahn-F),DB InfraGO AG,station,station,BOKN,3.0,,,yes,Q660045,de:Bahnhof Berlin Ostkreuz,POINT (13.4696738 52.5028779)
node,4788379933,Unknown,,Louis-Lewin-Straße,,,,,station,station,,,subway,,limited,Q557558,de:U-Bahnhof Louis-Lewin-Straße,POINT (13.6183463 52.538977)
node,4788379937,Unknown,,Hellersdorf,,,,,station,station,,,subway,,no,Q571676,de:U-Bahnhof Hellersdorf,POINT (13.606672 52.5366883)
node,4940731304,Unknown,,Märkisches Museum,,,,,station,station,,,subway,,yes,Q657871,de:U-Bahnhof Märkisches Museum,POINT (13.4101754 52.5123348)
node,4946078136,http://www.s-bahn-berlin.de/fahrplanundnetz/bahnhof/westkreuz/159,yes,Westkreuz (Stadtbahn),Verkehrsverbund Berlin-Brandenburg,VBB,,DB Netz AG,station,station,BWKS,3.0,light_rail,8089047.0,yes,Q678125,de:Bahnhof Berlin Westkreuz,POINT (13.2847452 52.5010288)
node,4946078139,Unknown,,Berlin Ostkreuz (Ostbahn),,,,DB InfraGO AG,station,station,BOKO,3.0,,8011162.0,yes,Q660045,de:Bahnhof Berlin Ostkreuz,POINT (13.4697788 52.5035668)
node,4949971070,http://www.s-bahn-berlin.de/fahrplanundnetz/bahnhof/pankow/117,yes,Pankow,Verkehrsverbund Berlin-Brandenburg,VBB,Berlin-Pankow S-Bahn,DB Netz AG;DB Station&Service AG,station,station,BPKW,5.0,light_rail,8089080.0,yes,Q653775,de:Bahnhof Berlin-Pankow,POINT (13.4103397 52.5662755)
node,4959163245,http://www.s-bahn-berlin.de/fahrplanundnetz/bahnhof/botanischer-garten/9,yes,Botanischer Garten,Verkehrsverbund Berlin-Brandenburg,VBB,Berlin Botanischer Garten,DB Netz AG,station,station,BBGT,4.0,light_rail,8089009.0,no,Q800498,de:Bahnhof Berlin Botanischer Garten,POINT (13.3071282 52.4479557)
node,4989868817,Unknown,,Rathaus Spandau,,,,,station,station,,,subway,,yes,Q650704,en:Rathaus Spandau (Berlin U-Bahn),POINT (13.1997742 52.5351709)
node,5099979652,Unknown,,Kleistpark,,,,,station,station,,,subway,,yes,Q571161,de:U-Bahnhof Kleistpark,POINT (13.3602198 52.4903665)
node,5116771809,Unknown,,Kochstraße/Checkpoint Charlie,,,,,station,station,,,subway,,yes,Q201849,de:U-Bahnhof Kochstraße,POINT (13.3906125 52.5060447)
node,5134482957,Unknown,,Rathaus Schöneberg,,,,Berliner Verkehrsbetriebe,station,station,,,subway,,yes,Q570926,de:U-Bahnhof Rathaus Schöneberg,POINT (13.341972 52.4831773)
node,5134716875,Unknown,,Viktoria-Luise-Platz,,,,,station,station,,,subway,,yes,Q178685,de:U-Bahnhof Viktoria-Luise-Platz,POINT (13.3431855 52.4961755)
node,5149137347,Unknown,,Rüdesheimer Platz,,,,,station,station,,,subway,,yes,Q167147,de:U-Bahnhof Rüdesheimer Platz,POINT (13.314415 52.4732464)
node,5160531362,Unknown,,Podbielskiallee,,,,,station,station,,,subway,,yes,Q571324,de:U-Bahnhof Podbielskiallee,POINT (13.2957519 52.4641033)
node,5162689183,Unknown,,Augsburger Straße,,,,,station,station,,,subway,,no,Q667035,de:U-Bahnhof Augsburger Straße,POINT (13.3364644 52.5004423)
node,5162689184,Unknown,,Heidelberger Platz,,,,,station,station,,,subway,,yes,Q302810,de:Bahnhof Berlin Heidelberger Platz,POINT (13.3128835 52.4797961)
node,5162689220,Unknown,,Hohenzollernplatz,,,,,station,station,,,subway,,yes,Q571570,de:U-Bahnhof Hohenzollernplatz,POINT (13.3247547 52.4940847)
node,5162689571,Unknown,,Spichernstraße,,,,,station,station,,,subway,,yes,Q667046,de:U-Bahnhof Spichernstraße,POINT (13.3310091 52.4964453)
node,5162689572,Unknown,,Fehrbelliner Platz,,,,,station,station,,,subway,,yes,Q663245,de:U-Bahnhof Fehrbelliner Platz,POINT (13.3151361 52.4905442)
node,5171026793,Unknown,,Hermannplatz,,,,,station,station,,,subway,,yes,Q658929,de:U-Bahnhof Hermannplatz,POINT (13.4245531 52.4862857)
node,5171026794,Unknown,,Rathaus Neukölln,,,,,station,station,,,subway,,yes,Q628770,de:U-Bahnhof Rathaus Neukölln,POINT (13.4341793 52.4816522)
node,5171026799,Unknown,,Parchimer Allee,,,,,station,station,,,subway,,yes,Q571855,de:U-Bahnhof Parchimer Allee,POINT (13.4495999 52.4447743)
node,5176114547,Unknown,,Jakob-Kaiser-Platz,,,,,station,station,,,subway,,no,Q638526,de:U-Bahnhof Jakob-Kaiser-Platz,POINT (13.2933009 52.5362794)
node,5176114617,Unknown,,Wilmersdorfer Straße,,,,,station,station,,,subway,,yes,Q570961,de:U-Bahnhof Wilmersdorfer Straße,POINT (13.3066372 52.5066749)
node,5183374155,Unknown,,Zitadelle,,,,,station,station,,,subway,,yes,Q663212,de:U-Bahnhof Zitadelle,POINT (13.2175358 52.537652)
node,5183375788,Unknown,,Paulsternstraße,,,,,station,station,,,subway,,no,Q570943,de:U-Bahnhof Paulsternstraße,POINT (13.2478176 52.5379819)
node,5183375797,Unknown,,Halemweg,,,,,station,station,,,subway,,no,Q571025,de:U-Bahnhof Halemweg,POINT (13.2861036 52.5366262)
node,5198810677,Unknown,,Reinickendorfer Straße,,,,,station,station,,,subway,,yes,Q559249,de:U-Bahnhof Reinickendorfer Straße,POINT (13.3702888 52.5400429)
node,5219721336,Unknown,,Schönhauser Allee,,,,,station,station,,,subway,,yes,,,POINT (13.4137114 52.5494885)
node,5219721338,Unknown,,Karl-Bonhoeffer-Nervenklinik,,,,,station,station,,,subway,,yes,Q475553,de:Bahnhof Berlin Karl-Bonhoeffer-Nervenklinik,POINT (13.3335031 52.5786231)
node,5219721339,Unknown,,Wittenau,,,,,station,station,,,subway,,yes,Q175212,de:Bahnhof Berlin-Wittenau (Wilhelmsruher Damm),POINT (13.3347115 52.5956412)
node,5219756617,Unknown,,Rosa-Luxemburg-Platz,,,,,station,station,,,subway,,yes,Q658790,de:U-Bahnhof Rosa-Luxemburg-Platz,POINT (13.4104868 52.5276951)
node,5219756618,Unknown,,Mierendorffplatz,,,,,station,station,,,subway,,no,Q571393,de:U-Bahnhof Mierendorffplatz,POINT (13.3047721 52.5263437)
node,5220107618,Unknown,,Pankow,,,,,station,station,,,subway,,yes,,,POINT (13.4117203 52.56678)
node,5220114129,Unknown,,Haselhorst,Verkehrsverbund Berlin-Brandenburg,VBB,,Berliner Verkehrsbetriebe,station,station,,,subway,,yes,Q570916,de:U-Bahnhof Haselhorst,POINT (13.2330942 52.5387183)
node,5250030091,Unknown,,Stadtmitte,,,,,station,station,,,subway,,yes,,,POINT (13.3898514 52.5106178)
node,5250030092,Unknown,,Hallesches Tor,,,,,station,station,,,subway,,yes,,de:U-Bahnhof Hallesches Tor,POINT (13.3917126 52.4990257)
node,5250030093,Unknown,,Möckernbrücke,,,,,station,station,,,subway,,no,Q704716,,POINT (13.3828981 52.4991179)
node,5284961126,Unknown,yes,Ostkreuz (Ringbahn),Verkehrsverbund Berlin-Brandenburg,VBB,Berlin Ostkreuz (Ringbahn-S),DB InfraGO AG,station,station,BOK,3.0,light_rail,8089028.0,yes,Q660045,de:Bahnhof Berlin Ostkreuz,POINT (13.4691195 52.5029812)
node,5315601264,Unknown,,Berlin-Mahlsdorf,,,,DB Netz AG,station,station,BMHL,,,,yes,Q800484,de:Bahnhof Berlin-Mahlsdorf,POINT (13.6107967 52.5118952)
node,5320311289,http://www.s-bahn-berlin.de/fahrplanundnetz/bahnhof/friedrichstrasse/59,yes,S Friedrichstraße,Verkehrsverbund Berlin-Brandenburg,VBB,,DB Netz AG,station,station,BFSTT,2.0,light_rail,8011306.0,yes,Q702402,de:Bahnhof Berlin Friedrichstraße,POINT (13.3866879 52.520768)
node,5324318370,Unknown,,Bundesplatz,,,,Berliner Verkehrsbetriebe,station,station,,,subway,,yes,Q464094,de:Bahnhof Berlin Bundesplatz,POINT (13.3285001 52.4776476)
node,5330823481,Unknown,,Rohrdamm,,,,,station,station,,,subway,,no,Q570911,de:U-Bahnhof Rohrdamm,POINT (13.262306 52.5369951)
node,5679382211,Unknown,,Tempelhof,,,,,station,station,,,subway,,yes,Q571405,de:Bahnhof Berlin-Tempelhof,POINT (13.385629 52.469568)
node,5713678268,Unknown,,Olympia-Stadion,,,,,station,station,,,subway,,yes,Q656441,de:U-Bahnhof Olympia-Stadion,POINT (13.2504479 52.5168643)
node,5713678269,Unknown,,Heinrich-Heine-Straße,,,,,station,station,,,subway,,no,Q663204,de:U-Bahnhof Heinrich-Heine-Straße,POINT (13.4160272 52.5104484)
node,5713678270,Unknown,,Eberswalder Straße,,,,,station,station,,,subway,,yes,Q571382,de:U-Bahnhof Eberswalder Straße,POINT (13.4121769 52.5415154)
node,5713944071,Unknown,,Bernauer Straße,,,,,station,station,,,subway,,yes,Q689293,de:U-Bahnhof Bernauer Straße,POINT (13.3966175 52.5374381)
node,5718454109,Unknown,,Alt-Tegel,,,,,station,station,,,subway,,yes,Q656090,de:U-Bahnhof Alt-Tegel,POINT (13.2837514 52.5894565)
node,5726082246,Unknown,,Altstadt Spandau,,,,,station,station,,,subway,,no,Q571402,de:U-Bahnhof Altstadt Spandau,POINT (13.2062573 52.5388381)
node,6555763842,Unknown,,Wutzkyallee,,,,,station,station,,,subway,,yes,Q571841,de:U-Bahnhof Wutzkyallee,POINT (13.4745668 52.4233264)
node,7103322725,http://www.s-bahn-berlin.de/fahrplanundnetz/bahnhof/suedkreuz/119,yes,Südkreuz (Nord-Süd),Verkehrsverbund Berlin-Brandenburg,VBB,Berlin Südkreuz (Vorortbahn),DB Netz AG;DB Station&Service AG,station,station,BSKV,1.0,light_rail,,yes,,,POINT (13.3651375 52.476214)
node,7590477149,Unknown,,Betriebswerk,,,,Berliner Parkeisenbahn,station,station,,,miniature,,no,,,POINT (13.5382582 52.4647137)
node,7590477180,Unknown,,Badesee,,,,Berliner Parkeisenbahn,station,station,,,miniature,,Unknown,,,POINT (13.5483594 52.4664295)
node,7590482488,Unknown,,Hauptbahnhof,,,,Berliner Parkeisenbahn,station,station,,,miniature,,yes,,,POINT (13.5433115 52.4579993)
node,8170768521,Unknown,,Unter den Linden,,,,,station,station,,,subway,,yes,,,POINT (13.38882 52.5169884)
node,8170768522,Unknown,,Rotes Rathaus,,,,,station,station,,,subway,,yes,,,POINT (13.4080828 52.5188425)
node,9082329700,Unknown,,Museumsinsel,,,,,station,station,,,subway,,yes,Q1459924,en:Museumsinsel (Berlin U-Bahn),POINT (13.3988844 52.5172626)
node,11891045337,Unknown,,Wuhlheide Parkeisenbahn,,,,Berliner Parkeisenbahn,station,station,,,miniature,,yes,,,POINT (13.5538717 52.4684445)
